path,filename,class_name,label,n_masks,mask_paths,group,content_md5
Dataset_BUSI\benign\benign (1).png,benign (1).png,benign,0,1,Dataset_BUSI\benign\benign (1)_mask.png,0,56835dad170553211c11be04514df156
Dataset_BUSI\benign\benign (10).png,benign (10).png,benign,0,1,Dataset_BUSI\benign\benign (10)_mask.png,1,cbbd38fc4d802ea6d1c8afd21919eed9
Dataset_BUSI\benign\benign (100).png,benign (100).png,benign,0,2,Dataset_BUSI\benign\benign (100)_mask.png|Dataset_BUSI\benign\benign (100)_mask_1.png,2,4bc7609b80f0a6a79eb509bc7a319e24
Dataset_BUSI\benign\benign (101).png,benign (101).png,benign,0,1,Dataset_BUSI\benign\benign (101)_mask.png,3,ce8b94e5dd94274c8bad840730d4d127
Dataset_BUSI\benign\benign (102).png,benign (102).png,benign,0,1,Dataset_BUSI\benign\benign (102)_mask.png,4,7aed08f2cc58bdf3f35f1388e3dfa0ca
Dataset_BUSI\benign\benign (103).png,benign (103).png,benign,0,1,Dataset_BUSI\benign\benign (103)_mask.png,5,9f45c7db1c95831a0dc482b87e8bab8e
Dataset_BUSI\benign\benign (104).png,benign (104).png,benign,0,1,Dataset_BUSI\benign\benign (104)_mask.png,6,4f504fdc20b5d4c36a2c80657d533216
Dataset_BUSI\benign\benign (105).png,benign (105).png,benign,0,1,Dataset_BUSI\benign\benign (105)_mask.png,7,d0ad2ac340aa3907e5f9a5af03aaace0
Dataset_BUSI\benign\benign (106).png,benign (106).png,benign,0,1,Dataset_BUSI\benign\benign (106)_mask.png,8,a8321ff48054d66ea8d001c413e0a76f
Dataset_BUSI\benign\benign (107).png,benign (107).png,benign,0,1,Dataset_BUSI\benign\benign (107)_mask.png,9,11e41ec1e8e9fbb28e1a2c05bb7e7a67
Dataset_BUSI\benign\benign (108).png,benign (108).png,benign,0,1,Dataset_BUSI\benign\benign (108)_mask.png,10,ebf11f9443908d4f9cb2b5f96f2738d6
Dataset_BUSI\benign\benign (109).png,benign (109).png,benign,0,1,Dataset_BUSI\benign\benign (109)_mask.png,11,6ef601c69ff52dd1af726dbcb30d81d3
Dataset_BUSI\benign\benign (11).png,benign (11).png,benign,0,1,Dataset_BUSI\benign\benign (11)_mask.png,12,beb6c7704ec46d52aeb7821563f82584
Dataset_BUSI\benign\benign (110).png,benign (110).png,benign,0,1,Dataset_BUSI\benign\benign (110)_mask.png,13,a2d77bbeb2ea0523114bc37651708585
Dataset_BUSI\benign\benign (111).png,benign (111).png,benign,0,1,Dataset_BUSI\benign\benign (111)_mask.png,14,e9ac8ae8652554b33c84dcfef4466e12
Dataset_BUSI\benign\benign (112).png,benign (112).png,benign,0,1,Dataset_BUSI\benign\benign (112)_mask.png,15,979a7a97769c5a8ba35c9c2e90f721a4
Dataset_BUSI\benign\benign (113).png,benign (113).png,benign,0,1,Dataset_BUSI\benign\benign (113)_mask.png,16,edf7dd179eb41586236349033e7456b3
Dataset_BUSI\benign\benign (114).png,benign (114).png,benign,0,1,Dataset_BUSI\benign\benign (114)_mask.png,17,a5f6ee46cd934268bef532901d2f0281
Dataset_BUSI\benign\benign (115).png,benign (115).png,benign,0,1,Dataset_BUSI\benign\benign (115)_mask.png,18,6b33cffa234109395854d5d06eb173b4
Dataset_BUSI\benign\benign (116).png,benign (116).png,benign,0,1,Dataset_BUSI\benign\benign (116)_mask.png,19,31cc6d4604c2efa2f1e9bc03cd7199c5
Dataset_BUSI\benign\benign (117).png,benign (117).png,benign,0,1,Dataset_BUSI\benign\benign (117)_mask.png,20,fc3dce60e745119af429ff050a85f1df
Dataset_BUSI\benign\benign (118).png,benign (118).png,benign,0,1,Dataset_BUSI\benign\benign (118)_mask.png,21,d94b7ab79f5f02c4225897c7e86f48d1
Dataset_BUSI\benign\benign (119).png,benign (119).png,benign,0,1,Dataset_BUSI\benign\benign (119)_mask.png,19,4cb4eedf2faf799cab274d1442ab739b
Dataset_BUSI\benign\benign (12).png,benign (12).png,benign,0,1,Dataset_BUSI\benign\benign (12)_mask.png,22,2ecf9662e414b8aef1aa1c184e09b8ba
Dataset_BUSI\benign\benign (120).png,benign (120).png,benign,0,1,Dataset_BUSI\benign\benign (120)_mask.png,23,9d73e9545df5d6f9dc1634d332434576
Dataset_BUSI\benign\benign (121).png,benign (121).png,benign,0,1,Dataset_BUSI\benign\benign (121)_mask.png,24,c7a7202f72f7888779ca2ce8c8a001f2
Dataset_BUSI\benign\benign (122).png,benign (122).png,benign,0,1,Dataset_BUSI\benign\benign (122)_mask.png,19,36fc3f161b80135902ee4095889e4232
Dataset_BUSI\benign\benign (123).png,benign (123).png,benign,0,1,Dataset_BUSI\benign\benign (123)_mask.png,25,8da2b66468f2b516216879b36f62a276
Dataset_BUSI\benign\benign (124).png,benign (124).png,benign,0,1,Dataset_BUSI\benign\benign (124)_mask.png,26,a532eb5d310cec3650d6e43ee0fadd95
Dataset_BUSI\benign\benign (125).png,benign (125).png,benign,0,1,Dataset_BUSI\benign\benign (125)_mask.png,27,ac83a1fe701313c96859c53baa8f5a0c
Dataset_BUSI\benign\benign (126).png,benign (126).png,benign,0,1,Dataset_BUSI\benign\benign (126)_mask.png,28,bbd885b853dd9a7fa4c13c61c01e2af3
Dataset_BUSI\benign\benign (127).png,benign (127).png,benign,0,1,Dataset_BUSI\benign\benign (127)_mask.png,29,43f88676cb813c8d454522ff3445d11e
Dataset_BUSI\benign\benign (128).png,benign (128).png,benign,0,1,Dataset_BUSI\benign\benign (128)_mask.png,30,2c5acc668586659a111160ad242f0900
Dataset_BUSI\benign\benign (129).png,benign (129).png,benign,0,1,Dataset_BUSI\benign\benign (129)_mask.png,31,b7fbf49259d3cf063764c9fb43dbe9e1
Dataset_BUSI\benign\benign (13).png,benign (13).png,benign,0,1,Dataset_BUSI\benign\benign (13)_mask.png,32,fd188656239fe58f623a645bf6c2b625
Dataset_BUSI\benign\benign (130).png,benign (130).png,benign,0,1,Dataset_BUSI\benign\benign (130)_mask.png,33,dc26e7701befb492072a7cc426b57d90
Dataset_BUSI\benign\benign (131).png,benign (131).png,benign,0,1,Dataset_BUSI\benign\benign (131)_mask.png,34,b324fc6f5dda85a77e20ef7260f29508
Dataset_BUSI\benign\benign (132).png,benign (132).png,benign,0,1,Dataset_BUSI\benign\benign (132)_mask.png,35,1d6052ae8967f41b9fbd554037c52ee6
Dataset_BUSI\benign\benign (133).png,benign (133).png,benign,0,1,Dataset_BUSI\benign\benign (133)_mask.png,36,3236f55fa4771def1924bb4bb525c8ce
Dataset_BUSI\benign\benign (134).png,benign (134).png,benign,0,1,Dataset_BUSI\benign\benign (134)_mask.png,37,a57cc61fb7bcdc6eaf677e3aac788ee5
Dataset_BUSI\benign\benign (135).png,benign (135).png,benign,0,1,Dataset_BUSI\benign\benign (135)_mask.png,38,60f2f6ac548747d6fcca3babb2df56c6
Dataset_BUSI\benign\benign (136).png,benign (136).png,benign,0,1,Dataset_BUSI\benign\benign (136)_mask.png,39,5f60a246e70d07ef3145c91e8ce2ec86
Dataset_BUSI\benign\benign (137).png,benign (137).png,benign,0,1,Dataset_BUSI\benign\benign (137)_mask.png,40,25ff9c2d797545b910fab47ed69d8b08
Dataset_BUSI\benign\benign (138).png,benign (138).png,benign,0,1,Dataset_BUSI\benign\benign (138)_mask.png,41,9d6b01794a6c2301d888ad401b03a1b8
Dataset_BUSI\benign\benign (139).png,benign (139).png,benign,0,1,Dataset_BUSI\benign\benign (139)_mask.png,42,4a03ec688af5a652bf258809ad2b20d7
Dataset_BUSI\benign\benign (14).png,benign (14).png,benign,0,1,Dataset_BUSI\benign\benign (14)_mask.png,43,d5997e5d6b000f7a8542ec931920945b
Dataset_BUSI\benign\benign (140).png,benign (140).png,benign,0,1,Dataset_BUSI\benign\benign (140)_mask.png,44,6d02c9f04db2acf371352ab4d4db6e28
Dataset_BUSI\benign\benign (141).png,benign (141).png,benign,0,1,Dataset_BUSI\benign\benign (141)_mask.png,45,92936761efb06f152688165819a51e2f
Dataset_BUSI\benign\benign (142).png,benign (142).png,benign,0,1,Dataset_BUSI\benign\benign (142)_mask.png,46,72ef7dc2d4d1830ccb61f1a2da187e2f
Dataset_BUSI\benign\benign (143).png,benign (143).png,benign,0,1,Dataset_BUSI\benign\benign (143)_mask.png,47,b901100f6f7f3773fccf89a5031e9134
Dataset_BUSI\benign\benign (144).png,benign (144).png,benign,0,1,Dataset_BUSI\benign\benign (144)_mask.png,48,c1fcc96ea39d683c5f9aaca51bc481cb
Dataset_BUSI\benign\benign (145).png,benign (145).png,benign,0,1,Dataset_BUSI\benign\benign (145)_mask.png,49,045e5d1326e686274036f1125a2003c4
Dataset_BUSI\benign\benign (146).png,benign (146).png,benign,0,1,Dataset_BUSI\benign\benign (146)_mask.png,50,ec685985a6f134bea84db9a441b5bac3
Dataset_BUSI\benign\benign (147).png,benign (147).png,benign,0,1,Dataset_BUSI\benign\benign (147)_mask.png,51,4af9682aac2e401d6bec8c1ab6def49f
Dataset_BUSI\benign\benign (148).png,benign (148).png,benign,0,1,Dataset_BUSI\benign\benign (148)_mask.png,52,7cfc0f53fd3bd59c68c010a2288577d4
Dataset_BUSI\benign\benign (149).png,benign (149).png,benign,0,1,Dataset_BUSI\benign\benign (149)_mask.png,53,2105572ca087e2b12521e23e939cb7d9
Dataset_BUSI\benign\benign (15).png,benign (15).png,benign,0,1,Dataset_BUSI\benign\benign (15)_mask.png,54,d95e36290703efd7d4bb473cd34040a9
Dataset_BUSI\benign\benign (150).png,benign (150).png,benign,0,1,Dataset_BUSI\benign\benign (150)_mask.png,55,a8f52ac1f41c22955bef4a55d9cd1067
Dataset_BUSI\benign\benign (151).png,benign (151).png,benign,0,1,Dataset_BUSI\benign\benign (151)_mask.png,56,8a03dadf539b323511c12e62046b2da3
Dataset_BUSI\benign\benign (152).png,benign (152).png,benign,0,1,Dataset_BUSI\benign\benign (152)_mask.png,57,6c95bd1c2627327a5ff748336d6584d5
Dataset_BUSI\benign\benign (153).png,benign (153).png,benign,0,1,Dataset_BUSI\benign\benign (153)_mask.png,58,9570909160bde3c652a73e7108205570
Dataset_BUSI\benign\benign (154).png,benign (154).png,benign,0,1,Dataset_BUSI\benign\benign (154)_mask.png,59,2e7481d28df1e36ed24c4f60962712c9
Dataset_BUSI\benign\benign (155).png,benign (155).png,benign,0,1,Dataset_BUSI\benign\benign (155)_mask.png,60,f9fdbaeb1878536e7d3ff557f67adee0
Dataset_BUSI\benign\benign (156).png,benign (156).png,benign,0,1,Dataset_BUSI\benign\benign (156)_mask.png,7,4351a61d04a00ae89041e6c204b1403e
Dataset_BUSI\benign\benign (157).png,benign (157).png,benign,0,1,Dataset_BUSI\benign\benign (157)_mask.png,42,5e31a718de7f1c57ae44f1d9bdaee1b1
Dataset_BUSI\benign\benign (158).png,benign (158).png,benign,0,1,Dataset_BUSI\benign\benign (158)_mask.png,13,72e572d9f46c0310f8ec68c38203ae13
Dataset_BUSI\benign\benign (159).png,benign (159).png,benign,0,1,Dataset_BUSI\benign\benign (159)_mask.png,61,4bb261cd75e4468ac988ff179e6275ec
Dataset_BUSI\benign\benign (16).png,benign (16).png,benign,0,1,Dataset_BUSI\benign\benign (16)_mask.png,56,0a158a5634b6e9120f61648c2d29f8a3
Dataset_BUSI\benign\benign (160).png,benign (160).png,benign,0,1,Dataset_BUSI\benign\benign (160)_mask.png,62,9e518a81f0d2d0ce16eb64a02d9e51fe
Dataset_BUSI\benign\benign (161).png,benign (161).png,benign,0,1,Dataset_BUSI\benign\benign (161)_mask.png,63,b79d605a55fabb688282b8fd8cc487b6
Dataset_BUSI\benign\benign (162).png,benign (162).png,benign,0,1,Dataset_BUSI\benign\benign (162)_mask.png,64,51c923fd83ae6d3d1432b38ac08004b3
Dataset_BUSI\benign\benign (163).png,benign (163).png,benign,0,2,Dataset_BUSI\benign\benign (163)_mask.png|Dataset_BUSI\benign\benign (163)_mask_1.png,65,23ce18679320bdd9e95056f9ece492fe
Dataset_BUSI\benign\benign (164).png,benign (164).png,benign,0,1,Dataset_BUSI\benign\benign (164)_mask.png,66,178137613eef8adc276c0bc0ea2a30fb
Dataset_BUSI\benign\benign (165).png,benign (165).png,benign,0,1,Dataset_BUSI\benign\benign (165)_mask.png,67,91a7d0a0432d2eda990818547d666119
Dataset_BUSI\benign\benign (166).png,benign (166).png,benign,0,1,Dataset_BUSI\benign\benign (166)_mask.png,68,796d233e4bc896b817c764e3f5c53e85
Dataset_BUSI\benign\benign (167).png,benign (167).png,benign,0,1,Dataset_BUSI\benign\benign (167)_mask.png,69,5aafd8304185c5704f946c656b195bd7
Dataset_BUSI\benign\benign (168).png,benign (168).png,benign,0,1,Dataset_BUSI\benign\benign (168)_mask.png,70,577ad7102f7f77b6a0e7e0cbb98594a5
Dataset_BUSI\benign\benign (169).png,benign (169).png,benign,0,1,Dataset_BUSI\benign\benign (169)_mask.png,71,e65e17c57f9b8a03fa4d30174c72f674
Dataset_BUSI\benign\benign (17).png,benign (17).png,benign,0,1,Dataset_BUSI\benign\benign (17)_mask.png,72,ca551b4f3bfe20c07285ae317f183d08
Dataset_BUSI\benign\benign (170).png,benign (170).png,benign,0,1,Dataset_BUSI\benign\benign (170)_mask.png,73,faf8183fa63d947c68a33e976609f392
Dataset_BUSI\benign\benign (171).png,benign (171).png,benign,0,1,Dataset_BUSI\benign\benign (171)_mask.png,74,b6d9912e0d68e9cb377d2f74f0688bed
Dataset_BUSI\benign\benign (172).png,benign (172).png,benign,0,1,Dataset_BUSI\benign\benign (172)_mask.png,75,da73880a33f05724ad7563775a229d64
Dataset_BUSI\benign\benign (173).png,benign (173).png,benign,0,2,Dataset_BUSI\benign\benign (173)_mask.png|Dataset_BUSI\benign\benign (173)_mask_1.png,76,1ce1d2076f2b9daeb6b9f682985d0b7f
Dataset_BUSI\benign\benign (174).png,benign (174).png,benign,0,1,Dataset_BUSI\benign\benign (174)_mask.png,77,65a187e744d7fa8c6e55e39378db4989
Dataset_BUSI\benign\benign (175).png,benign (175).png,benign,0,1,Dataset_BUSI\benign\benign (175)_mask.png,78,23b277963d4abf3de2113ab44effaab1
Dataset_BUSI\benign\benign (176).png,benign (176).png,benign,0,1,Dataset_BUSI\benign\benign (176)_mask.png,79,62a6fc74f6c7e88f52299e7ac533fc0b
Dataset_BUSI\benign\benign (177).png,benign (177).png,benign,0,1,Dataset_BUSI\benign\benign (177)_mask.png,80,b87530f4543d885d6b3dd6377e489d52
Dataset_BUSI\benign\benign (178).png,benign (178).png,benign,0,1,Dataset_BUSI\benign\benign (178)_mask.png,81,5d17d596dc74a828b3846f57e4b2df56
Dataset_BUSI\benign\benign (179).png,benign (179).png,benign,0,1,Dataset_BUSI\benign\benign (179)_mask.png,82,42f21e06583241492217b8d534f51036
Dataset_BUSI\benign\benign (18).png,benign (18).png,benign,0,1,Dataset_BUSI\benign\benign (18)_mask.png,57,aade6cc1aa9186906a781d5a6b70e35d
Dataset_BUSI\benign\benign (180).png,benign (180).png,benign,0,1,Dataset_BUSI\benign\benign (180)_mask.png,83,f409b52697c58c141bed00693f7b278c
Dataset_BUSI\benign\benign (181).png,benign (181).png,benign,0,2,Dataset_BUSI\benign\benign (181)_mask.png|Dataset_BUSI\benign\benign (181)_mask_1.png,84,c3881e300595808c717c7d82de8a9c05
Dataset_BUSI\benign\benign (182).png,benign (182).png,benign,0,1,Dataset_BUSI\benign\benign (182)_mask.png,85,ac659abb87041ebdd03ca8ec56be3713
Dataset_BUSI\benign\benign (183).png,benign (183).png,benign,0,1,Dataset_BUSI\benign\benign (183)_mask.png,86,323f152e9684d0c7dbb013d8fd925767
Dataset_BUSI\benign\benign (184).png,benign (184).png,benign,0,1,Dataset_BUSI\benign\benign (184)_mask.png,87,e6f2e5ce3ca7e5d7bd1bca9c91b9c5a1
Dataset_BUSI\benign\benign (185).png,benign (185).png,benign,0,1,Dataset_BUSI\benign\benign (185)_mask.png,88,01b64ee3a409c17025f2212ebb3e4b60
Dataset_BUSI\benign\benign (186).png,benign (186).png,benign,0,1,Dataset_BUSI\benign\benign (186)_mask.png,89,034b984b01b64faeab214414b085f43d
Dataset_BUSI\benign\benign (187).png,benign (187).png,benign,0,1,Dataset_BUSI\benign\benign (187)_mask.png,90,97c00bf278bfecbbf8229422a7d44e7f
Dataset_BUSI\benign\benign (188).png,benign (188).png,benign,0,1,Dataset_BUSI\benign\benign (188)_mask.png,91,aa9f9334bf66310f31653d17eb7eebcc
Dataset_BUSI\benign\benign (189).png,benign (189).png,benign,0,1,Dataset_BUSI\benign\benign (189)_mask.png,92,bf847eac554a46ebc9fa017975b61b0f
Dataset_BUSI\benign\benign (19).png,benign (19).png,benign,0,1,Dataset_BUSI\benign\benign (19)_mask.png,55,6b61b3675d47024edaa4a9a542ad6f9c
Dataset_BUSI\benign\benign (190).png,benign (190).png,benign,0,1,Dataset_BUSI\benign\benign (190)_mask.png,93,bcb273c11f64a677a329c6f1682b9725
Dataset_BUSI\benign\benign (191).png,benign (191).png,benign,0,1,Dataset_BUSI\benign\benign (191)_mask.png,94,c51e18293071faab7e08efe5e29e44ac
Dataset_BUSI\benign\benign (192).png,benign (192).png,benign,0,1,Dataset_BUSI\benign\benign (192)_mask.png,95,6feeb91b832a0bf7e1cf488e89b23cc2
Dataset_BUSI\benign\benign (193).png,benign (193).png,benign,0,1,Dataset_BUSI\benign\benign (193)_mask.png,96,7bf7a04602a8a2c34f226238a72bf9a4
Dataset_BUSI\benign\benign (194).png,benign (194).png,benign,0,1,Dataset_BUSI\benign\benign (194)_mask.png,97,82a7b168602879dc1839b32935fe3dda
Dataset_BUSI\benign\benign (195).png,benign (195).png,benign,0,3,Dataset_BUSI\benign\benign (195)_mask.png|Dataset_BUSI\benign\benign (195)_mask_1.png|Dataset_BUSI\benign\benign (195)_mask_2.png,98,78a976853662c5d2d411208604971d75
Dataset_BUSI\benign\benign (196).png,benign (196).png,benign,0,1,Dataset_BUSI\benign\benign (196)_mask.png,99,50c6060a308b244416ca35c44dd1ed4f
Dataset_BUSI\benign\benign (197).png,benign (197).png,benign,0,1,Dataset_BUSI\benign\benign (197)_mask.png,100,49e15be62763dc04e409a79541620eef
Dataset_BUSI\benign\benign (198).png,benign (198).png,benign,0,1,Dataset_BUSI\benign\benign (198)_mask.png,101,d85aec3e3e4ffeb182f4577049bd05e7
Dataset_BUSI\benign\benign (199).png,benign (199).png,benign,0,1,Dataset_BUSI\benign\benign (199)_mask.png,102,ac3d6909a654345afe7f7a58df57f877
Dataset_BUSI\benign\benign (2).png,benign (2).png,benign,0,1,Dataset_BUSI\benign\benign (2)_mask.png,103,f5e619c6a2327cb2e10b147a74dee64b
Dataset_BUSI\benign\benign (20).png,benign (20).png,benign,0,1,Dataset_BUSI\benign\benign (20)_mask.png,104,ba57640f0d11b305bdc77dc41364a733
Dataset_BUSI\benign\benign (200).png,benign (200).png,benign,0,1,Dataset_BUSI\benign\benign (200)_mask.png,105,a3933aed0cbb391e5e3c0770aa1da1f5
Dataset_BUSI\benign\benign (201).png,benign (201).png,benign,0,1,Dataset_BUSI\benign\benign (201)_mask.png,106,cd8b03823f4ea3e7f35ae87f1160f856
Dataset_BUSI\benign\benign (202).png,benign (202).png,benign,0,1,Dataset_BUSI\benign\benign (202)_mask.png,107,d461293d255e914be0202dd541ae6329
Dataset_BUSI\benign\benign (203).png,benign (203).png,benign,0,1,Dataset_BUSI\benign\benign (203)_mask.png,108,15b3d45581a22ede45c2ef0dadb0785d
Dataset_BUSI\benign\benign (204).png,benign (204).png,benign,0,1,Dataset_BUSI\benign\benign (204)_mask.png,109,11d1675f3228d4a4695f225f9ac031b3
Dataset_BUSI\benign\benign (205).png,benign (205).png,benign,0,1,Dataset_BUSI\benign\benign (205)_mask.png,110,7171119e8c3427d71aaa41850b5126e6
Dataset_BUSI\benign\benign (206).png,benign (206).png,benign,0,1,Dataset_BUSI\benign\benign (206)_mask.png,111,730927e7e2f91b754c1145eae88c54eb
Dataset_BUSI\benign\benign (207).png,benign (207).png,benign,0,1,Dataset_BUSI\benign\benign (207)_mask.png,112,e329d9d27fdcae5bebd9764ec0885b2c
Dataset_BUSI\benign\benign (208).png,benign (208).png,benign,0,1,Dataset_BUSI\benign\benign (208)_mask.png,113,6b46f03cbf807f2d29d8ab0583e31e43
Dataset_BUSI\benign\benign (209).png,benign (209).png,benign,0,1,Dataset_BUSI\benign\benign (209)_mask.png,114,2624fd1a4349eff9ca59cd8d992a661b
Dataset_BUSI\benign\benign (21).png,benign (21).png,benign,0,1,Dataset_BUSI\benign\benign (21)_mask.png,115,3c84432775ad61a2473e954e78751a3b
Dataset_BUSI\benign\benign (210).png,benign (210).png,benign,0,1,Dataset_BUSI\benign\benign (210)_mask.png,116,b04cbb4d472f933bfc36cedf3efa3ba1
Dataset_BUSI\benign\benign (211).png,benign (211).png,benign,0,1,Dataset_BUSI\benign\benign (211)_mask.png,117,93e0cac8834f349b30a8047a62c2acb5
Dataset_BUSI\benign\benign (212).png,benign (212).png,benign,0,1,Dataset_BUSI\benign\benign (212)_mask.png,118,8e0575c70ecf4a38f1abab61e4943bc8
Dataset_BUSI\benign\benign (213).png,benign (213).png,benign,0,1,Dataset_BUSI\benign\benign (213)_mask.png,119,9a783136622d1d5b8e7ec9d64457e404
Dataset_BUSI\benign\benign (214).png,benign (214).png,benign,0,1,Dataset_BUSI\benign\benign (214)_mask.png,120,6851df42c4bd4f1f352a986240249cbc
Dataset_BUSI\benign\benign (215).png,benign (215).png,benign,0,1,Dataset_BUSI\benign\benign (215)_mask.png,121,9e1d528dfaa62eb19fb71752b462be4b
Dataset_BUSI\benign\benign (216).png,benign (216).png,benign,0,1,Dataset_BUSI\benign\benign (216)_mask.png,122,dccb50b217f9e4bd3421293191a19206
Dataset_BUSI\benign\benign (217).png,benign (217).png,benign,0,1,Dataset_BUSI\benign\benign (217)_mask.png,123,ca0f7b197b214c9aa46459f4fcd918db
Dataset_BUSI\benign\benign (218).png,benign (218).png,benign,0,1,Dataset_BUSI\benign\benign (218)_mask.png,124,1ab8f8a263e0a8878b98d72313fa41ce
Dataset_BUSI\benign\benign (219).png,benign (219).png,benign,0,1,Dataset_BUSI\benign\benign (219)_mask.png,125,a9b77ab58bd8a4cc132db32d6243a36e
Dataset_BUSI\benign\benign (22).png,benign (22).png,benign,0,1,Dataset_BUSI\benign\benign (22)_mask.png,126,a1e5bab83310a093e9b246e6b78f8db5
Dataset_BUSI\benign\benign (220).png,benign (220).png,benign,0,1,Dataset_BUSI\benign\benign (220)_mask.png,127,16781578d55696a1b20d34c93e924f87
Dataset_BUSI\benign\benign (221).png,benign (221).png,benign,0,1,Dataset_BUSI\benign\benign (221)_mask.png,128,e18e9641fdd7627232d03a518bb4241a
Dataset_BUSI\benign\benign (222).png,benign (222).png,benign,0,1,Dataset_BUSI\benign\benign (222)_mask.png,129,98b030f9b8fa0d6f101064885f604f28
Dataset_BUSI\benign\benign (223).png,benign (223).png,benign,0,1,Dataset_BUSI\benign\benign (223)_mask.png,130,7bd2070c1e979c94a2a34f67161e16a7
Dataset_BUSI\benign\benign (224).png,benign (224).png,benign,0,1,Dataset_BUSI\benign\benign (224)_mask.png,131,7054bea92ab056d3447aa8d992d01cc1
Dataset_BUSI\benign\benign (225).png,benign (225).png,benign,0,1,Dataset_BUSI\benign\benign (225)_mask.png,132,6c12e7adaeef0c0c2c82a37c877dd4c6
Dataset_BUSI\benign\benign (226).png,benign (226).png,benign,0,1,Dataset_BUSI\benign\benign (226)_mask.png,133,d7aa5d8e8373fd255542dc4d002cd1d1
Dataset_BUSI\benign\benign (227).png,benign (227).png,benign,0,1,Dataset_BUSI\benign\benign (227)_mask.png,134,2bbcdfd6e6bbac5269ab336558b4d5b9
Dataset_BUSI\benign\benign (228).png,benign (228).png,benign,0,1,Dataset_BUSI\benign\benign (228)_mask.png,135,b9ad43338c377052a630b4d9373bde3e
Dataset_BUSI\benign\benign (229).png,benign (229).png,benign,0,1,Dataset_BUSI\benign\benign (229)_mask.png,136,9dd4e9d5d9354dc78fc22641862858c0
Dataset_BUSI\benign\benign (23).png,benign (23).png,benign,0,1,Dataset_BUSI\benign\benign (23)_mask.png,137,98766e0b6de9606e603ff3f9dd9a8ed0
Dataset_BUSI\benign\benign (230).png,benign (230).png,benign,0,1,Dataset_BUSI\benign\benign (230)_mask.png,138,83d472224d85a6c600601edcea066ef5
Dataset_BUSI\benign\benign (231).png,benign (231).png,benign,0,1,Dataset_BUSI\benign\benign (231)_mask.png,139,733a5aaa9d09f6d3a06621bd6027fef8
Dataset_BUSI\benign\benign (232).png,benign (232).png,benign,0,1,Dataset_BUSI\benign\benign (232)_mask.png,140,7875acf51aaf8ad88ab12a89df231836
Dataset_BUSI\benign\benign (233).png,benign (233).png,benign,0,1,Dataset_BUSI\benign\benign (233)_mask.png,141,2aa721ed9c7375d719bf63c0053fc1a2
Dataset_BUSI\benign\benign (234).png,benign (234).png,benign,0,1,Dataset_BUSI\benign\benign (234)_mask.png,142,9f85bb0ef27eaddd64fd0a7f1cd39635
Dataset_BUSI\benign\benign (235).png,benign (235).png,benign,0,1,Dataset_BUSI\benign\benign (235)_mask.png,143,b75d8204a20a3d90f2b1f856c503e478
Dataset_BUSI\benign\benign (236).png,benign (236).png,benign,0,1,Dataset_BUSI\benign\benign (236)_mask.png,144,598bf3c6821c2300d759e8457cd2330f
Dataset_BUSI\benign\benign (237).png,benign (237).png,benign,0,1,Dataset_BUSI\benign\benign (237)_mask.png,145,2a4d4d163197f150cb27e4259974658d
Dataset_BUSI\benign\benign (238).png,benign (238).png,benign,0,1,Dataset_BUSI\benign\benign (238)_mask.png,146,70542f4d5898a46726d685878851c289
Dataset_BUSI\benign\benign (239).png,benign (239).png,benign,0,1,Dataset_BUSI\benign\benign (239)_mask.png,147,06152f99826cccc2aa7135071e96bb5b
Dataset_BUSI\benign\benign (24).png,benign (24).png,benign,0,1,Dataset_BUSI\benign\benign (24)_mask.png,148,2b7cc32b565e692df3106ff972d2acae
Dataset_BUSI\benign\benign (240).png,benign (240).png,benign,0,1,Dataset_BUSI\benign\benign (240)_mask.png,149,7f88ea809dcfbf85f5fd0e258aac8901
Dataset_BUSI\benign\benign (241).png,benign (241).png,benign,0,1,Dataset_BUSI\benign\benign (241)_mask.png,150,4308dd304755de0d187d1cd400ca941b
Dataset_BUSI\benign\benign (242).png,benign (242).png,benign,0,1,Dataset_BUSI\benign\benign (242)_mask.png,151,c8bfef87ef4677e85b5e60786e3605fd
Dataset_BUSI\benign\benign (243).png,benign (243).png,benign,0,1,Dataset_BUSI\benign\benign (243)_mask.png,152,a9636d8f5f0345cd59099e272750905d
Dataset_BUSI\benign\benign (244).png,benign (244).png,benign,0,1,Dataset_BUSI\benign\benign (244)_mask.png,153,83a4a8ec3ff15c033867eabb926012e2
Dataset_BUSI\benign\benign (245).png,benign (245).png,benign,0,1,Dataset_BUSI\benign\benign (245)_mask.png,154,a52dbbe36f3678635af275d3af96db34
Dataset_BUSI\benign\benign (246).png,benign (246).png,benign,0,1,Dataset_BUSI\benign\benign (246)_mask.png,155,44787483115d6f7c041503f544bd57d8
Dataset_BUSI\benign\benign (247).png,benign (247).png,benign,0,1,Dataset_BUSI\benign\benign (247)_mask.png,144,73de17750093657aa183a63e52923043
Dataset_BUSI\benign\benign (248).png,benign (248).png,benign,0,1,Dataset_BUSI\benign\benign (248)_mask.png,102,eca05beb0019569168c0d6f83bc819e6
Dataset_BUSI\benign\benign (249).png,benign (249).png,benign,0,1,Dataset_BUSI\benign\benign (249)_mask.png,109,d34b9a137a0c0d51caecb0cc463db671
Dataset_BUSI\benign\benign (25).png,benign (25).png,benign,0,2,Dataset_BUSI\benign\benign (25)_mask.png|Dataset_BUSI\benign\benign (25)_mask_1.png,58,108efa35e07aa1d04b8f63f8c9922182
Dataset_BUSI\benign\benign (250).png,benign (250).png,benign,0,1,Dataset_BUSI\benign\benign (250)_mask.png,134,58eaccfbbdb27bc7201583be4cae351c
Dataset_BUSI\benign\benign (251).png,benign (251).png,benign,0,1,Dataset_BUSI\benign\benign (251)_mask.png,153,b51380978011dd1020c60efec33edffe
Dataset_BUSI\benign\benign (252).png,benign (252).png,benign,0,1,Dataset_BUSI\benign\benign (252)_mask.png,138,c23fc01aa8f3a982cf9edaa44a6ad39c
Dataset_BUSI\benign\benign (253).png,benign (253).png,benign,0,1,Dataset_BUSI\benign\benign (253)_mask.png,119,c3cde89235a6b8191db992f120ad229d
Dataset_BUSI\benign\benign (254).png,benign (254).png,benign,0,1,Dataset_BUSI\benign\benign (254)_mask.png,117,456dd6b676ce639b82f91b97f6239b4f
Dataset_BUSI\benign\benign (255).png,benign (255).png,benign,0,1,Dataset_BUSI\benign\benign (255)_mask.png,149,de01afd6ac7ddd5fcb5f3ce82197b3b6
Dataset_BUSI\benign\benign (256).png,benign (256).png,benign,0,1,Dataset_BUSI\benign\benign (256)_mask.png,112,cb5910025d750dbf693976179e0ccaca
Dataset_BUSI\benign\benign (257).png,benign (257).png,benign,0,1,Dataset_BUSI\benign\benign (257)_mask.png,130,d7bd4ae4420ae7ce2002ec7cb6f2d9c1
Dataset_BUSI\benign\benign (258).png,benign (258).png,benign,0,1,Dataset_BUSI\benign\benign (258)_mask.png,147,3e2ee61b4d37c10fc3bcee5e5505d760
Dataset_BUSI\benign\benign (259).png,benign (259).png,benign,0,1,Dataset_BUSI\benign\benign (259)_mask.png,136,91de2ff522c80d0c827388117f86de6b
Dataset_BUSI\benign\benign (26).png,benign (26).png,benign,0,1,Dataset_BUSI\benign\benign (26)_mask.png,156,67afaa367f63f5d2d00ca4d042cd000b
Dataset_BUSI\benign\benign (260).png,benign (260).png,benign,0,1,Dataset_BUSI\benign\benign (260)_mask.png,120,59fcd1ec3d404d7fcc6b87308dca6982
Dataset_BUSI\benign\benign (261).png,benign (261).png,benign,0,1,Dataset_BUSI\benign\benign (261)_mask.png,142,cbda8c3bfb8375dae9c134b328bc115a
Dataset_BUSI\benign\benign (262).png,benign (262).png,benign,0,1,Dataset_BUSI\benign\benign (262)_mask.png,110,ed7207ad709f43d8a410051197f7d975
Dataset_BUSI\benign\benign (263).png,benign (263).png,benign,0,1,Dataset_BUSI\benign\benign (263)_mask.png,133,3efaf36f45a5aabbda643dce48aa6409
Dataset_BUSI\benign\benign (264).png,benign (264).png,benign,0,1,Dataset_BUSI\benign\benign (264)_mask.png,145,05f7fce6e85c787b61d5962a4b3948df
Dataset_BUSI\benign\benign (265).png,benign (265).png,benign,0,1,Dataset_BUSI\benign\benign (265)_mask.png,122,86fe6c95ad06f50a089fa8f31076c6ad
Dataset_BUSI\benign\benign (266).png,benign (266).png,benign,0,1,Dataset_BUSI\benign\benign (266)_mask.png,150,3cd28f7b5a9585159bb1c952c7896d90
Dataset_BUSI\benign\benign (267).png,benign (267).png,benign,0,1,Dataset_BUSI\benign\benign (267)_mask.png,129,5a0e36b92a1b6683e21f6b7177616253
Dataset_BUSI\benign\benign (268).png,benign (268).png,benign,0,1,Dataset_BUSI\benign\benign (268)_mask.png,123,59811ff275bd5e1336fe95c0c74d279b
Dataset_BUSI\benign\benign (269).png,benign (269).png,benign,0,1,Dataset_BUSI\benign\benign (269)_mask.png,157,22e9e8147951e90ef653f6727e998a50
Dataset_BUSI\benign\benign (27).png,benign (27).png,benign,0,1,Dataset_BUSI\benign\benign (27)_mask.png,158,e9998cbab60e34b0a9c90f1ff602d31b
Dataset_BUSI\benign\benign (270).png,benign (270).png,benign,0,1,Dataset_BUSI\benign\benign (270)_mask.png,121,9e451c4a2911dbc265048dd808f21624
Dataset_BUSI\benign\benign (271).png,benign (271).png,benign,0,1,Dataset_BUSI\benign\benign (271)_mask.png,127,a46211d8ed948184b403cd147ffa3caa
Dataset_BUSI\benign\benign (272).png,benign (272).png,benign,0,1,Dataset_BUSI\benign\benign (272)_mask.png,125,ff040a3942e6df14a1d1da27817a8283
Dataset_BUSI\benign\benign (273).png,benign (273).png,benign,0,1,Dataset_BUSI\benign\benign (273)_mask.png,108,7d6f911dc2b50342e2cb68f887ed7d7b
Dataset_BUSI\benign\benign (274).png,benign (274).png,benign,0,1,Dataset_BUSI\benign\benign (274)_mask.png,105,7874efc4b95ecdcbd001a5a18e8f2170
Dataset_BUSI\benign\benign (275).png,benign (275).png,benign,0,1,Dataset_BUSI\benign\benign (275)_mask.png,114,4e59f038e98f6e12a5521992ed0475c4
Dataset_BUSI\benign\benign (276).png,benign (276).png,benign,0,1,Dataset_BUSI\benign\benign (276)_mask.png,140,0b650a3c78dba236cce7b2731dc587e1
Dataset_BUSI\benign\benign (277).png,benign (277).png,benign,0,1,Dataset_BUSI\benign\benign (277)_mask.png,149,bca3378d4ae1fa076cf46cd047b8b029
Dataset_BUSI\benign\benign (278).png,benign (278).png,benign,0,1,Dataset_BUSI\benign\benign (278)_mask.png,133,3a6bae05a8c5c4d0b5bad49d9ebbdfdd
Dataset_BUSI\benign\benign (279).png,benign (279).png,benign,0,1,Dataset_BUSI\benign\benign (279)_mask.png,150,6554a69c181e2ebc3d242be4140456d2
Dataset_BUSI\benign\benign (28).png,benign (28).png,benign,0,1,Dataset_BUSI\benign\benign (28)_mask.png,159,778b362a386c78e69a44ee3daf7e1d43
Dataset_BUSI\benign\benign (280).png,benign (280).png,benign,0,1,Dataset_BUSI\benign\benign (280)_mask.png,136,89e91044cc96f7f4034ba46b2209bca8
Dataset_BUSI\benign\benign (281).png,benign (281).png,benign,0,1,Dataset_BUSI\benign\benign (281)_mask.png,120,1fe4467e19b70d864f5578297a55b356
Dataset_BUSI\benign\benign (282).png,benign (282).png,benign,0,1,Dataset_BUSI\benign\benign (282)_mask.png,109,b93d3822565bd0b334d257db79477908
Dataset_BUSI\benign\benign (283).png,benign (283).png,benign,0,1,Dataset_BUSI\benign\benign (283)_mask.png,160,2357d636b9c77f6cccf41ebc072ce053
Dataset_BUSI\benign\benign (284).png,benign (284).png,benign,0,1,Dataset_BUSI\benign\benign (284)_mask.png,161,1807841253f88409ad8fb81b9aa88943
Dataset_BUSI\benign\benign (285).png,benign (285).png,benign,0,1,Dataset_BUSI\benign\benign (285)_mask.png,161,264a9a43e174eb912ce85050b4854206
Dataset_BUSI\benign\benign (286).png,benign (286).png,benign,0,1,Dataset_BUSI\benign\benign (286)_mask.png,162,1f7437e4fea8cac560be059fc9ae34c2
Dataset_BUSI\benign\benign (287).png,benign (287).png,benign,0,1,Dataset_BUSI\benign\benign (287)_mask.png,140,1d06dbec31e86f417d6206c613160e1a
Dataset_BUSI\benign\benign (288).png,benign (288).png,benign,0,1,Dataset_BUSI\benign\benign (288)_mask.png,151,446155afa1bc9bc4274e8efad33dc816
Dataset_BUSI\benign\benign (289).png,benign (289).png,benign,0,1,Dataset_BUSI\benign\benign (289)_mask.png,108,84f27ef3396f9487956e567013f6b2e2
Dataset_BUSI\benign\benign (29).png,benign (29).png,benign,0,1,Dataset_BUSI\benign\benign (29)_mask.png,163,cb18ceb1180881be66befa915e00596d
Dataset_BUSI\benign\benign (290).png,benign (290).png,benign,0,1,Dataset_BUSI\benign\benign (290)_mask.png,105,4f28d43d525cc93b135cb040f20c0718
Dataset_BUSI\benign\benign (291).png,benign (291).png,benign,0,1,Dataset_BUSI\benign\benign (291)_mask.png,113,21ccca57769dddb945edbd54d3d318c7
Dataset_BUSI\benign\benign (292).png,benign (292).png,benign,0,1,Dataset_BUSI\benign\benign (292)_mask.png,132,6cb4c76c0e8dedc518e2e2e8bf85b47a
Dataset_BUSI\benign\benign (293).png,benign (293).png,benign,0,1,Dataset_BUSI\benign\benign (293)_mask.png,132,c127af669e130bf5e143f951cc472caf
Dataset_BUSI\benign\benign (294).png,benign (294).png,benign,0,1,Dataset_BUSI\benign\benign (294)_mask.png,143,758ee1691ab89ba0833ecadaa4b6e4c8
Dataset_BUSI\benign\benign (295).png,benign (295).png,benign,0,1,Dataset_BUSI\benign\benign (295)_mask.png,139,1699ebf3669ddbc2e92ad87b9286b39b
Dataset_BUSI\benign\benign (296).png,benign (296).png,benign,0,1,Dataset_BUSI\benign\benign (296)_mask.png,124,228baba1bb61918f2bc7ee19330ef78d
Dataset_BUSI\benign\benign (297).png,benign (297).png,benign,0,1,Dataset_BUSI\benign\benign (297)_mask.png,114,00da4acdb0d34239ea4b9fa462df6a19
Dataset_BUSI\benign\benign (298).png,benign (298).png,benign,0,1,Dataset_BUSI\benign\benign (298)_mask.png,116,b89ee2cfd99fe87b0f54fca05432b600
Dataset_BUSI\benign\benign (299).png,benign (299).png,benign,0,1,Dataset_BUSI\benign\benign (299)_mask.png,141,ea4e4fc87848fb1ee6121d0975781a55
Dataset_BUSI\benign\benign (3).png,benign (3).png,benign,0,1,Dataset_BUSI\benign\benign (3)_mask.png,164,f76963fe8caa7573cf497768ad27f08f
Dataset_BUSI\benign\benign (30).png,benign (30).png,benign,0,1,Dataset_BUSI\benign\benign (30)_mask.png,30,d8206c22ccce5f1eb1134a7cc1866ca0
Dataset_BUSI\benign\benign (300).png,benign (300).png,benign,0,1,Dataset_BUSI\benign\benign (300)_mask.png,146,f7b642bd217fc3fa0fb2eef50a3eb172
Dataset_BUSI\benign\benign (301).png,benign (301).png,benign,0,1,Dataset_BUSI\benign\benign (301)_mask.png,107,2cfe96fc802378bb8a66836a7b2a4148
Dataset_BUSI\benign\benign (302).png,benign (302).png,benign,0,1,Dataset_BUSI\benign\benign (302)_mask.png,106,742576070d040c3cbd7a42a2ef8c702b
Dataset_BUSI\benign\benign (303).png,benign (303).png,benign,0,1,Dataset_BUSI\benign\benign (303)_mask.png,111,79f4548344b16a9aae30e6c4e575a7da
Dataset_BUSI\benign\benign (304).png,benign (304).png,benign,0,1,Dataset_BUSI\benign\benign (304)_mask.png,131,f375bd09660ee19ef2986f2005c4fc71
Dataset_BUSI\benign\benign (305).png,benign (305).png,benign,0,1,Dataset_BUSI\benign\benign (305)_mask.png,154,4468110699043afec3bf1cf959db4108
Dataset_BUSI\benign\benign (306).png,benign (306).png,benign,0,1,Dataset_BUSI\benign\benign (306)_mask.png,135,9b8f68d4767acebaa6ecff4074071d29
Dataset_BUSI\benign\benign (307).png,benign (307).png,benign,0,1,Dataset_BUSI\benign\benign (307)_mask.png,165,a5c4f2c13d75f7e421d3d4cc078a83a1
Dataset_BUSI\benign\benign (308).png,benign (308).png,benign,0,1,Dataset_BUSI\benign\benign (308)_mask.png,166,d29cae0e44013eac7081c68696b10cd5
Dataset_BUSI\benign\benign (309).png,benign (309).png,benign,0,1,Dataset_BUSI\benign\benign (309)_mask.png,167,caa7f46d753223ba6edbf2aec5560d4b
Dataset_BUSI\benign\benign (31).png,benign (31).png,benign,0,1,Dataset_BUSI\benign\benign (31)_mask.png,168,b50964936c35389496491043ebd09b12
Dataset_BUSI\benign\benign (310).png,benign (310).png,benign,0,1,Dataset_BUSI\benign\benign (310)_mask.png,169,9b485de2dd8b4c95227d0f49b3c8869b
Dataset_BUSI\benign\benign (311).png,benign (311).png,benign,0,1,Dataset_BUSI\benign\benign (311)_mask.png,170,caf4e5700249c9062a5feeedae30b72d
Dataset_BUSI\benign\benign (312).png,benign (312).png,benign,0,1,Dataset_BUSI\benign\benign (312)_mask.png,171,3b2864f55c6dfe6d8bae693b9e792949
Dataset_BUSI\benign\benign (313).png,benign (313).png,benign,0,1,Dataset_BUSI\benign\benign (313)_mask.png,172,0ec19ea7f3b9e7c4c6a67252be249760
Dataset_BUSI\benign\benign (314).png,benign (314).png,benign,0,1,Dataset_BUSI\benign\benign (314)_mask.png,173,522d847985b896a9080170220c8843d4
Dataset_BUSI\benign\benign (315).png,benign (315).png,benign,0,2,Dataset_BUSI\benign\benign (315)_mask.png|Dataset_BUSI\benign\benign (315)_mask_1.png,174,6d68e609daddc2c83d1f30cbe7e1c344
Dataset_BUSI\benign\benign (316).png,benign (316).png,benign,0,1,Dataset_BUSI\benign\benign (316)_mask.png,175,26d7a248cc014a43bc332159b63fcc6a
Dataset_BUSI\benign\benign (317).png,benign (317).png,benign,0,1,Dataset_BUSI\benign\benign (317)_mask.png,176,9fb755d640e22e317d5c4831e3e1cee3
Dataset_BUSI\benign\benign (318).png,benign (318).png,benign,0,1,Dataset_BUSI\benign\benign (318)_mask.png,0,91a4cb93c29264015d3c9ce357e7d3a2
Dataset_BUSI\benign\benign (319).png,benign (319).png,benign,0,1,Dataset_BUSI\benign\benign (319)_mask.png,103,4fa73932ebb94f5605113427b5fc0f60
Dataset_BUSI\benign\benign (32).png,benign (32).png,benign,0,1,Dataset_BUSI\benign\benign (32)_mask.png,177,2b951ea715a7276c16752304f5279c11
Dataset_BUSI\benign\benign (320).png,benign (320).png,benign,0,1,Dataset_BUSI\benign\benign (320)_mask.png,164,94dc710cc2728d095fe7a4fcabd501f5
Dataset_BUSI\benign\benign (321).png,benign (321).png,benign,0,1,Dataset_BUSI\benign\benign (321)_mask.png,178,11311b03ae30f2f5913b4aa76d93dc2c
Dataset_BUSI\benign\benign (322).png,benign (322).png,benign,0,1,Dataset_BUSI\benign\benign (322)_mask.png,179,d77cee7619c20284d41bda178864704b
Dataset_BUSI\benign\benign (323).png,benign (323).png,benign,0,1,Dataset_BUSI\benign\benign (323)_mask.png,180,63a6081872368348142f3e3e42cf7056
Dataset_BUSI\benign\benign (324).png,benign (324).png,benign,0,1,Dataset_BUSI\benign\benign (324)_mask.png,181,1c5d5b9849956a726f125ad6205e0c2d
Dataset_BUSI\benign\benign (325).png,benign (325).png,benign,0,1,Dataset_BUSI\benign\benign (325)_mask.png,182,3614f2777c4ffcc81458516f92563d06
Dataset_BUSI\benign\benign (326).png,benign (326).png,benign,0,1,Dataset_BUSI\benign\benign (326)_mask.png,183,5de8c04d012281d885fdc7a49d19dddc
Dataset_BUSI\benign\benign (327).png,benign (327).png,benign,0,1,Dataset_BUSI\benign\benign (327)_mask.png,1,a798bf7bc005d9dc3f962d1faab18b99
Dataset_BUSI\benign\benign (328).png,benign (328).png,benign,0,1,Dataset_BUSI\benign\benign (328)_mask.png,12,7b575cf42f230f4662d54afb9765ab30
Dataset_BUSI\benign\benign (329).png,benign (329).png,benign,0,1,Dataset_BUSI\benign\benign (329)_mask.png,22,5203636c105e5ba9516681062e28f13f
Dataset_BUSI\benign\benign (33).png,benign (33).png,benign,0,1,Dataset_BUSI\benign\benign (33)_mask.png,33,7b15e64bca282c94cfb42177efa97922
Dataset_BUSI\benign\benign (330).png,benign (330).png,benign,0,1,Dataset_BUSI\benign\benign (330)_mask.png,32,0a3f388268eafc05dc68eec2bef300d3
Dataset_BUSI\benign\benign (331).png,benign (331).png,benign,0,1,Dataset_BUSI\benign\benign (331)_mask.png,43,07aac2149775bd9b388faae26f51c6a6
Dataset_BUSI\benign\benign (332).png,benign (332).png,benign,0,1,Dataset_BUSI\benign\benign (332)_mask.png,54,e0a15d7cb6c2a70d8d63f59160fe9faf
Dataset_BUSI\benign\benign (333).png,benign (333).png,benign,0,1,Dataset_BUSI\benign\benign (333)_mask.png,184,8936cf037a7fab889127955fface0669
Dataset_BUSI\benign\benign (334).png,benign (334).png,benign,0,1,Dataset_BUSI\benign\benign (334)_mask.png,185,98492cf19b10882c9881aa81b355e6cd
Dataset_BUSI\benign\benign (335).png,benign (335).png,benign,0,1,Dataset_BUSI\benign\benign (335)_mask.png,186,7395475c578271ef33b39ddb83c9dbb1
Dataset_BUSI\benign\benign (336).png,benign (336).png,benign,0,1,Dataset_BUSI\benign\benign (336)_mask.png,187,7b0b557cdc20cc5ed34546ca300ba285
Dataset_BUSI\benign\benign (337).png,benign (337).png,benign,0,1,Dataset_BUSI\benign\benign (337)_mask.png,188,64958e267fc8903c73e7f998689dfe5a
Dataset_BUSI\benign\benign (338).png,benign (338).png,benign,0,1,Dataset_BUSI\benign\benign (338)_mask.png,189,617a19a654d17fc1c8ebdd65991a3e14
Dataset_BUSI\benign\benign (339).png,benign (339).png,benign,0,1,Dataset_BUSI\benign\benign (339)_mask.png,190,741bb230f16cb4f1650047d1d3e17284
Dataset_BUSI\benign\benign (34).png,benign (34).png,benign,0,1,Dataset_BUSI\benign\benign (34)_mask.png,191,34617300809ffc7b4c3ca7d40593b8d4
Dataset_BUSI\benign\benign (340).png,benign (340).png,benign,0,1,Dataset_BUSI\benign\benign (340)_mask.png,192,194e01fa620ee9f2504a2ea159a086b4
Dataset_BUSI\benign\benign (341).png,benign (341).png,benign,0,1,Dataset_BUSI\benign\benign (341)_mask.png,193,78a19e40634f92b0f548a9eb35c5d652
Dataset_BUSI\benign\benign (342).png,benign (342).png,benign,0,1,Dataset_BUSI\benign\benign (342)_mask.png,194,027d4ba92881ca6fc44e167925d004ea
Dataset_BUSI\benign\benign (343).png,benign (343).png,benign,0,1,Dataset_BUSI\benign\benign (343)_mask.png,195,27294b9a83f370decc24f7c56b2c14d8
Dataset_BUSI\benign\benign (344).png,benign (344).png,benign,0,1,Dataset_BUSI\benign\benign (344)_mask.png,196,a9d12f24c71e6dbe58438f957817f8fa
Dataset_BUSI\benign\benign (345).png,benign (345).png,benign,0,1,Dataset_BUSI\benign\benign (345)_mask.png,197,38ee2ed3ac0d389a468b94350946ea30
Dataset_BUSI\benign\benign (346).png,benign (346).png,benign,0,2,Dataset_BUSI\benign\benign (346)_mask.png|Dataset_BUSI\benign\benign (346)_mask_1.png,198,72dddebb09400095beaeb43e5d343afd
Dataset_BUSI\benign\benign (347).png,benign (347).png,benign,0,1,Dataset_BUSI\benign\benign (347)_mask.png,199,3f5d51d5f6f3d96570051fb6edda741d
Dataset_BUSI\benign\benign (348).png,benign (348).png,benign,0,1,Dataset_BUSI\benign\benign (348)_mask.png,200,4ec4d2debae8b69a05c0360cf1d9c6b1
Dataset_BUSI\benign\benign (349).png,benign (349).png,benign,0,1,Dataset_BUSI\benign\benign (349)_mask.png,201,e39cdbb5369046dbd8aa453265157b19
Dataset_BUSI\benign\benign (35).png,benign (35).png,benign,0,1,Dataset_BUSI\benign\benign (35)_mask.png,80,7740e25fd3705c007e6d57efa7f3c503
Dataset_BUSI\benign\benign (350).png,benign (350).png,benign,0,1,Dataset_BUSI\benign\benign (350)_mask.png,202,064292143323cf83fdaa64b7491a40e3
Dataset_BUSI\benign\benign (351).png,benign (351).png,benign,0,1,Dataset_BUSI\benign\benign (351)_mask.png,203,e76c7e2121231fbdb30af87e80a19f27
Dataset_BUSI\benign\benign (352).png,benign (352).png,benign,0,1,Dataset_BUSI\benign\benign (352)_mask.png,204,b28e08c1c53793349bf4d2577917c24f
Dataset_BUSI\benign\benign (353).png,benign (353).png,benign,0,1,Dataset_BUSI\benign\benign (353)_mask.png,205,7b5824584cec4b3f2a7d97972ecc3b1f
Dataset_BUSI\benign\benign (354).png,benign (354).png,benign,0,1,Dataset_BUSI\benign\benign (354)_mask.png,206,c1fddfe4741a0dfbf859d522a2f03d10
Dataset_BUSI\benign\benign (355).png,benign (355).png,benign,0,1,Dataset_BUSI\benign\benign (355)_mask.png,207,5af6abdb1a6867ab4345bfe7c890e30d
Dataset_BUSI\benign\benign (356).png,benign (356).png,benign,0,1,Dataset_BUSI\benign\benign (356)_mask.png,208,b28d77494bb63b4cb332e60e8e7357f4
Dataset_BUSI\benign\benign (357).png,benign (357).png,benign,0,1,Dataset_BUSI\benign\benign (357)_mask.png,209,dacd969d7753a5eeb88e0454f6322542
Dataset_BUSI\benign\benign (358).png,benign (358).png,benign,0,1,Dataset_BUSI\benign\benign (358)_mask.png,210,4e64d03f382d718d47e1a40e305b2408
Dataset_BUSI\benign\benign (359).png,benign (359).png,benign,0,1,Dataset_BUSI\benign\benign (359)_mask.png,211,e06de2c1591424fa37ca221c922bab1f
Dataset_BUSI\benign\benign (36).png,benign (36).png,benign,0,1,Dataset_BUSI\benign\benign (36)_mask.png,212,5d7a412dc2f8eb0b30485f9b9096d906
Dataset_BUSI\benign\benign (360).png,benign (360).png,benign,0,1,Dataset_BUSI\benign\benign (360)_mask.png,213,3a18be03d80e3c3c0788365769dbe928
Dataset_BUSI\benign\benign (361).png,benign (361).png,benign,0,1,Dataset_BUSI\benign\benign (361)_mask.png,214,12efa2ce75ab86faf9126c7a3dc6510f
Dataset_BUSI\benign\benign (362).png,benign (362).png,benign,0,1,Dataset_BUSI\benign\benign (362)_mask.png,215,f0c40f8376222498f850ec424abec296
Dataset_BUSI\benign\benign (363).png,benign (363).png,benign,0,1,Dataset_BUSI\benign\benign (363)_mask.png,216,ba588434a9f88d82a702542ce3d83dac
Dataset_BUSI\benign\benign (364).png,benign (364).png,benign,0,1,Dataset_BUSI\benign\benign (364)_mask.png,217,b3db8ec6eb52e6d4f378ec6d36850a3f
Dataset_BUSI\benign\benign (365).png,benign (365).png,benign,0,1,Dataset_BUSI\benign\benign (365)_mask.png,218,79b0e9b86dd284cf34b1533385e68496
Dataset_BUSI\benign\benign (366).png,benign (366).png,benign,0,1,Dataset_BUSI\benign\benign (366)_mask.png,219,bd3f4ec119e2a027e0eff4b6d47699df
Dataset_BUSI\benign\benign (367).png,benign (367).png,benign,0,1,Dataset_BUSI\benign\benign (367)_mask.png,220,68e81a7ee09c7c0949aa0eabf6ebf595
Dataset_BUSI\benign\benign (368).png,benign (368).png,benign,0,1,Dataset_BUSI\benign\benign (368)_mask.png,221,5a1c76f59794c44b02a9a65ecce928bb
Dataset_BUSI\benign\benign (369).png,benign (369).png,benign,0,1,Dataset_BUSI\benign\benign (369)_mask.png,222,1361cd2e385328c3aa852afd644f3d4f
Dataset_BUSI\benign\benign (37).png,benign (37).png,benign,0,1,Dataset_BUSI\benign\benign (37)_mask.png,29,c5eab96503aad526430941de7270a66c
Dataset_BUSI\benign\benign (370).png,benign (370).png,benign,0,1,Dataset_BUSI\benign\benign (370)_mask.png,223,a5a54fd5ec96e7ad0c64d058624cc880
Dataset_BUSI\benign\benign (371).png,benign (371).png,benign,0,1,Dataset_BUSI\benign\benign (371)_mask.png,224,8fd8d57265b5278f1e7308ee8f661578
Dataset_BUSI\benign\benign (372).png,benign (372).png,benign,0,1,Dataset_BUSI\benign\benign (372)_mask.png,225,b3c377e691689c836da1c8115a372e39
Dataset_BUSI\benign\benign (373).png,benign (373).png,benign,0,1,Dataset_BUSI\benign\benign (373)_mask.png,226,606e3c7215010a8bce2b5113f30189f4
Dataset_BUSI\benign\benign (374).png,benign (374).png,benign,0,1,Dataset_BUSI\benign\benign (374)_mask.png,227,43f78f573f8eb36c30ec0e884b8e3d06
Dataset_BUSI\benign\benign (375).png,benign (375).png,benign,0,1,Dataset_BUSI\benign\benign (375)_mask.png,228,46a33d8eff8f9d1e09a048b08d3d6e97
Dataset_BUSI\benign\benign (376).png,benign (376).png,benign,0,1,Dataset_BUSI\benign\benign (376)_mask.png,229,c159d74d2ab2246a02c10a8a3b17fcd8
Dataset_BUSI\benign\benign (377).png,benign (377).png,benign,0,1,Dataset_BUSI\benign\benign (377)_mask.png,230,d72e5c8cb4b1080fe7487355acae74f5
Dataset_BUSI\benign\benign (378).png,benign (378).png,benign,0,1,Dataset_BUSI\benign\benign (378)_mask.png,231,b74e91ac79431229475179216ad04e26
Dataset_BUSI\benign\benign (379).png,benign (379).png,benign,0,1,Dataset_BUSI\benign\benign (379)_mask.png,232,7bba4b8449a08aa4cf79a0b350656509
Dataset_BUSI\benign\benign (38).png,benign (38).png,benign,0,1,Dataset_BUSI\benign\benign (38)_mask.png,35,84def5a0b4e345b7f4a279d5c69cdd91
Dataset_BUSI\benign\benign (380).png,benign (380).png,benign,0,1,Dataset_BUSI\benign\benign (380)_mask.png,233,c596c83de3e21277f42417db965f2c4f
Dataset_BUSI\benign\benign (381).png,benign (381).png,benign,0,1,Dataset_BUSI\benign\benign (381)_mask.png,234,5c958164906124aef0a3cc4ab2cd23e8
Dataset_BUSI\benign\benign (382).png,benign (382).png,benign,0,1,Dataset_BUSI\benign\benign (382)_mask.png,235,112543d2e6a5f8cc25f761f7acd73d7d
Dataset_BUSI\benign\benign (383).png,benign (383).png,benign,0,1,Dataset_BUSI\benign\benign (383)_mask.png,236,d5bf26bff92b2e4e5e2aac3e005d8488
Dataset_BUSI\benign\benign (384).png,benign (384).png,benign,0,1,Dataset_BUSI\benign\benign (384)_mask.png,237,8b78ebe1970be0785558b7d133c37389
Dataset_BUSI\benign\benign (385).png,benign (385).png,benign,0,1,Dataset_BUSI\benign\benign (385)_mask.png,238,e958b691f80e4fa4b6d451f2a332f286
Dataset_BUSI\benign\benign (386).png,benign (386).png,benign,0,1,Dataset_BUSI\benign\benign (386)_mask.png,239,72b3a4e9045aa7cddc8e4fc37a438173
Dataset_BUSI\benign\benign (387).png,benign (387).png,benign,0,1,Dataset_BUSI\benign\benign (387)_mask.png,240,7c993648ec80823cd7f1b47d167ffbbb
Dataset_BUSI\benign\benign (388).png,benign (388).png,benign,0,1,Dataset_BUSI\benign\benign (388)_mask.png,241,1f4e093ba4ada12a79fc7c17c04f0ab5
Dataset_BUSI\benign\benign (389).png,benign (389).png,benign,0,1,Dataset_BUSI\benign\benign (389)_mask.png,242,4276d2dfcc38865be2e03553ac13a8ce
Dataset_BUSI\benign\benign (39).png,benign (39).png,benign,0,1,Dataset_BUSI\benign\benign (39)_mask.png,243,156855de93e7a0864423fdb0ce43472b
Dataset_BUSI\benign\benign (390).png,benign (390).png,benign,0,1,Dataset_BUSI\benign\benign (390)_mask.png,244,d7d3a1b9bab27689deac730fc2a603b8
Dataset_BUSI\benign\benign (391).png,benign (391).png,benign,0,1,Dataset_BUSI\benign\benign (391)_mask.png,245,c8a3b10dd0e76c7fc2e8c223f128159e
Dataset_BUSI\benign\benign (392).png,benign (392).png,benign,0,1,Dataset_BUSI\benign\benign (392)_mask.png,246,b36217c6dd23e2434b1f46f9b7ef4800
Dataset_BUSI\benign\benign (393).png,benign (393).png,benign,0,1,Dataset_BUSI\benign\benign (393)_mask.png,247,81f2bad7aa3d956433d360e49449400b
Dataset_BUSI\benign\benign (394).png,benign (394).png,benign,0,1,Dataset_BUSI\benign\benign (394)_mask.png,248,f982e856f1a2c4575e59f4e8659b733e
Dataset_BUSI\benign\benign (395).png,benign (395).png,benign,0,1,Dataset_BUSI\benign\benign (395)_mask.png,249,1312d5db8b7aa2279f6c7b162505291f
Dataset_BUSI\benign\benign (396).png,benign (396).png,benign,0,1,Dataset_BUSI\benign\benign (396)_mask.png,250,368232da6e45d9a5475e3186bd822062
Dataset_BUSI\benign\benign (397).png,benign (397).png,benign,0,1,Dataset_BUSI\benign\benign (397)_mask.png,251,05c4e35c5cfdeec52b6e0e28b0aadc0b
Dataset_BUSI\benign\benign (398).png,benign (398).png,benign,0,1,Dataset_BUSI\benign\benign (398)_mask.png,252,45db06af7e79ed239470c5f8f06c2eba
Dataset_BUSI\benign\benign (399).png,benign (399).png,benign,0,1,Dataset_BUSI\benign\benign (399)_mask.png,253,8bb5eaf95738d3bfd4cdb6ca5f6b00d5
Dataset_BUSI\benign\benign (4).png,benign (4).png,benign,0,2,Dataset_BUSI\benign\benign (4)_mask.png|Dataset_BUSI\benign\benign (4)_mask_1.png,178,66a628aedeca80c58a7223303a8fb4c0
Dataset_BUSI\benign\benign (40).png,benign (40).png,benign,0,1,Dataset_BUSI\benign\benign (40)_mask.png,254,66ddea6827be777cb3272d443b95f293
Dataset_BUSI\benign\benign (400).png,benign (400).png,benign,0,1,Dataset_BUSI\benign\benign (400)_mask.png,255,98efa2c4960b669e7ed0fb456380798c
Dataset_BUSI\benign\benign (401).png,benign (401).png,benign,0,1,Dataset_BUSI\benign\benign (401)_mask.png,256,ee0f57f69ace5ad32d2afaf1d7a4148f
Dataset_BUSI\benign\benign (402).png,benign (402).png,benign,0,1,Dataset_BUSI\benign\benign (402)_mask.png,257,1b0c76286629c5140830d5daa9f31dd9
Dataset_BUSI\benign\benign (403).png,benign (403).png,benign,0,1,Dataset_BUSI\benign\benign (403)_mask.png,258,b0137980a43d4d5614c1770f7fb82055
Dataset_BUSI\benign\benign (404).png,benign (404).png,benign,0,1,Dataset_BUSI\benign\benign (404)_mask.png,259,27678b972f844b11351edbfee100bf49
Dataset_BUSI\benign\benign (405).png,benign (405).png,benign,0,1,Dataset_BUSI\benign\benign (405)_mask.png,260,fa01f6c298430c21527fb0d44b6a0b67
Dataset_BUSI\benign\benign (406).png,benign (406).png,benign,0,1,Dataset_BUSI\benign\benign (406)_mask.png,261,11d6f7c420f423cf1d35f9316e23efd8
Dataset_BUSI\benign\benign (407).png,benign (407).png,benign,0,1,Dataset_BUSI\benign\benign (407)_mask.png,262,6efe7e6a4a80b1f1c84844aad8c3b720
Dataset_BUSI\benign\benign (408).png,benign (408).png,benign,0,1,Dataset_BUSI\benign\benign (408)_mask.png,263,3a937360f9bf5aaca29b7c315e37a749
Dataset_BUSI\benign\benign (409).png,benign (409).png,benign,0,1,Dataset_BUSI\benign\benign (409)_mask.png,264,6177f710a0ced1742bfad2f690e2c214
Dataset_BUSI\benign\benign (41).png,benign (41).png,benign,0,1,Dataset_BUSI\benign\benign (41)_mask.png,265,330c6050d5031fa60cfffddef00cc312
Dataset_BUSI\benign\benign (410).png,benign (410).png,benign,0,1,Dataset_BUSI\benign\benign (410)_mask.png,266,f7c563a8af1aaac4eafe9a35fbd0c474
Dataset_BUSI\benign\benign (411).png,benign (411).png,benign,0,1,Dataset_BUSI\benign\benign (411)_mask.png,249,fb426bf91560c10d916cd7e7d83e9a0c
Dataset_BUSI\benign\benign (412).png,benign (412).png,benign,0,1,Dataset_BUSI\benign\benign (412)_mask.png,255,a0ca898836e9f68dfdb2241b964d3e6e
Dataset_BUSI\benign\benign (413).png,benign (413).png,benign,0,1,Dataset_BUSI\benign\benign (413)_mask.png,250,1f37d29c93c29e009dd830d8042648ca
Dataset_BUSI\benign\benign (414).png,benign (414).png,benign,0,1,Dataset_BUSI\benign\benign (414)_mask.png,267,d87c9d5241045813819e28fbecc03ef2
Dataset_BUSI\benign\benign (415).png,benign (415).png,benign,0,1,Dataset_BUSI\benign\benign (415)_mask.png,268,9ba7d962847c89cb50383d445cfa6d7f
Dataset_BUSI\benign\benign (416).png,benign (416).png,benign,0,1,Dataset_BUSI\benign\benign (416)_mask.png,269,2ee5a749a0d07e8baf18293a60758f84
Dataset_BUSI\benign\benign (417).png,benign (417).png,benign,0,1,Dataset_BUSI\benign\benign (417)_mask.png,270,c70d34b6b6f768b7427e37f02eadb624
Dataset_BUSI\benign\benign (418).png,benign (418).png,benign,0,1,Dataset_BUSI\benign\benign (418)_mask.png,271,a3356fef320d6c5c69618996bd1ee705
Dataset_BUSI\benign\benign (419).png,benign (419).png,benign,0,1,Dataset_BUSI\benign\benign (419)_mask.png,165,b556d0b265f10e98dfdb1bfd821138c4
Dataset_BUSI\benign\benign (42).png,benign (42).png,benign,0,1,Dataset_BUSI\benign\benign (42)_mask.png,34,e8effa1a57aed265711de0b47d50f587
Dataset_BUSI\benign\benign (420).png,benign (420).png,benign,0,1,Dataset_BUSI\benign\benign (420)_mask.png,272,64fa37e947d8c93dac09602e6b52d969
Dataset_BUSI\benign\benign (421).png,benign (421).png,benign,0,1,Dataset_BUSI\benign\benign (421)_mask.png,171,fadd42ed32d40348bc3f57d50a1fd8ba
Dataset_BUSI\benign\benign (422).png,benign (422).png,benign,0,1,Dataset_BUSI\benign\benign (422)_mask.png,167,20c948a220d23aec19496a0b2c45f4c7
Dataset_BUSI\benign\benign (423).png,benign (423).png,benign,0,1,Dataset_BUSI\benign\benign (423)_mask.png,169,8883c9c2ac28d973df3bce4bac20a58d
Dataset_BUSI\benign\benign (424).png,benign (424).png,benign,0,2,Dataset_BUSI\benign\benign (424)_mask.png|Dataset_BUSI\benign\benign (424)_mask_1.png,166,db0cf9b4871dd93f005ff92e83edce03
Dataset_BUSI\benign\benign (425).png,benign (425).png,benign,0,1,Dataset_BUSI\benign\benign (425)_mask.png,72,4e8796db7792a04ebe3b3d95452e0cd8
Dataset_BUSI\benign\benign (426).png,benign (426).png,benign,0,1,Dataset_BUSI\benign\benign (426)_mask.png,175,259faf83b961a7cd453079b059ffec35
Dataset_BUSI\benign\benign (427).png,benign (427).png,benign,0,1,Dataset_BUSI\benign\benign (427)_mask.png,273,b739c3e2f11c1292c9aa746840b2b4cf
Dataset_BUSI\benign\benign (428).png,benign (428).png,benign,0,1,Dataset_BUSI\benign\benign (428)_mask.png,274,94aac1b14520ab768b405518f9f0ba9f
Dataset_BUSI\benign\benign (429).png,benign (429).png,benign,0,1,Dataset_BUSI\benign\benign (429)_mask.png,275,0d127cf605b0d0326dbc54bae373e60b
Dataset_BUSI\benign\benign (43).png,benign (43).png,benign,0,1,Dataset_BUSI\benign\benign (43)_mask.png,276,0ade5f56189cca58be7c856caa7eed5c
Dataset_BUSI\benign\benign (430).png,benign (430).png,benign,0,1,Dataset_BUSI\benign\benign (430)_mask.png,277,607cf85515210b49c5ae798c9a09c56d
Dataset_BUSI\benign\benign (431).png,benign (431).png,benign,0,1,Dataset_BUSI\benign\benign (431)_mask.png,278,9c10f7a13fe119cd2552ee7a789cadd9
Dataset_BUSI\benign\benign (432).png,benign (432).png,benign,0,1,Dataset_BUSI\benign\benign (432)_mask.png,279,bd401b4ac69c34af3a651ae5093fd5ab
Dataset_BUSI\benign\benign (433).png,benign (433).png,benign,0,1,Dataset_BUSI\benign\benign (433)_mask.png,280,aed81b43d8d5584e8ab5a5bb10cd0c78
Dataset_BUSI\benign\benign (434).png,benign (434).png,benign,0,1,Dataset_BUSI\benign\benign (434)_mask.png,281,24d2b8d4a34e9ac9b4930227ed5e96f7
Dataset_BUSI\benign\benign (435).png,benign (435).png,benign,0,1,Dataset_BUSI\benign\benign (435)_mask.png,282,33106d537b3976146f965bf04d9acd5f
Dataset_BUSI\benign\benign (436).png,benign (436).png,benign,0,1,Dataset_BUSI\benign\benign (436)_mask.png,283,ff55760fbc52f3ccccd32c54afd94e04
Dataset_BUSI\benign\benign (437).png,benign (437).png,benign,0,1,Dataset_BUSI\benign\benign (437)_mask.png,284,301d1f113dbbc94b799b8c9a3f12634d
Dataset_BUSI\benign\benign (44).png,benign (44).png,benign,0,1,Dataset_BUSI\benign\benign (44)_mask.png,31,6e5aa0d43dcf3557e6477c6d76c0a379
Dataset_BUSI\benign\benign (45).png,benign (45).png,benign,0,1,Dataset_BUSI\benign\benign (45)_mask.png,285,18b335438cbfee484b6fe731db913d8e
Dataset_BUSI\benign\benign (46).png,benign (46).png,benign,0,1,Dataset_BUSI\benign\benign (46)_mask.png,286,8646469ca2a54bfd071b70e116989626
Dataset_BUSI\benign\benign (47).png,benign (47).png,benign,0,1,Dataset_BUSI\benign\benign (47)_mask.png,287,a3d2058b8e64c1202a7307f9ab926ac3
Dataset_BUSI\benign\benign (48).png,benign (48).png,benign,0,1,Dataset_BUSI\benign\benign (48)_mask.png,288,46914c988d3eca2256aaf8afbdfc9821
Dataset_BUSI\benign\benign (49).png,benign (49).png,benign,0,1,Dataset_BUSI\benign\benign (49)_mask.png,289,a21d566d1f1ac720738919dbf0dadc48
Dataset_BUSI\benign\benign (5).png,benign (5).png,benign,0,1,Dataset_BUSI\benign\benign (5)_mask.png,179,6ca96be57e6aba367c01ef26384e45da
Dataset_BUSI\benign\benign (50).png,benign (50).png,benign,0,1,Dataset_BUSI\benign\benign (50)_mask.png,39,ad3143e3c5d298578fb6ffbbae5159e0
Dataset_BUSI\benign\benign (51).png,benign (51).png,benign,0,1,Dataset_BUSI\benign\benign (51)_mask.png,36,089a2568af6af669297b2854c3ad0337
Dataset_BUSI\benign\benign (52).png,benign (52).png,benign,0,1,Dataset_BUSI\benign\benign (52)_mask.png,37,64537f7e395592e24694c19636e5090a
Dataset_BUSI\benign\benign (53).png,benign (53).png,benign,0,1,Dataset_BUSI\benign\benign (53)_mask.png,290,9ee02c65164046867bcf032b3156585f
Dataset_BUSI\benign\benign (54).png,benign (54).png,benign,0,2,Dataset_BUSI\benign\benign (54)_mask.png|Dataset_BUSI\benign\benign (54)_mask_1.png,291,9431111748436bf44066c7d18a916ec8
Dataset_BUSI\benign\benign (55).png,benign (55).png,benign,0,1,Dataset_BUSI\benign\benign (55)_mask.png,292,46bfc3b8040572378f00c4651217d856
Dataset_BUSI\benign\benign (56).png,benign (56).png,benign,0,1,Dataset_BUSI\benign\benign (56)_mask.png,293,a43bb002f47033cfc2ce0a4929cff20c
Dataset_BUSI\benign\benign (57).png,benign (57).png,benign,0,1,Dataset_BUSI\benign\benign (57)_mask.png,294,048529b23987060dc6ba4988a8f89da2
Dataset_BUSI\benign\benign (58).png,benign (58).png,benign,0,2,Dataset_BUSI\benign\benign (58)_mask.png|Dataset_BUSI\benign\benign (58)_mask_1.png,38,822c90435a00267af057a19920d20602
Dataset_BUSI\benign\benign (59).png,benign (59).png,benign,0,1,Dataset_BUSI\benign\benign (59)_mask.png,295,f066df618437df7ebfd000c119973472
Dataset_BUSI\benign\benign (6).png,benign (6).png,benign,0,1,Dataset_BUSI\benign\benign (6)_mask.png,180,ce3f5eff62b0fc6cb27cdbe8f78466a5
Dataset_BUSI\benign\benign (60).png,benign (60).png,benign,0,1,Dataset_BUSI\benign\benign (60)_mask.png,41,503066742e0a4e905ff4e97a8a39349f
Dataset_BUSI\benign\benign (61).png,benign (61).png,benign,0,1,Dataset_BUSI\benign\benign (61)_mask.png,296,876e89585ce23d00c44ac055888ab139
Dataset_BUSI\benign\benign (62).png,benign (62).png,benign,0,1,Dataset_BUSI\benign\benign (62)_mask.png,297,41b553e6174ec5bca23ac594987f63e0
Dataset_BUSI\benign\benign (63).png,benign (63).png,benign,0,1,Dataset_BUSI\benign\benign (63)_mask.png,298,9a2faed2e4069ffeccc55fe7f2e051f1
Dataset_BUSI\benign\benign (64).png,benign (64).png,benign,0,1,Dataset_BUSI\benign\benign (64)_mask.png,299,309888c8de966d67fb54011b40ff9a45
Dataset_BUSI\benign\benign (65).png,benign (65).png,benign,0,1,Dataset_BUSI\benign\benign (65)_mask.png,42,25bea065cbfe2f6dfa3aab637bba6e4e
Dataset_BUSI\benign\benign (66).png,benign (66).png,benign,0,1,Dataset_BUSI\benign\benign (66)_mask.png,300,d31bed0883a40218fcde16a7eebb3ff6
Dataset_BUSI\benign\benign (67).png,benign (67).png,benign,0,1,Dataset_BUSI\benign\benign (67)_mask.png,301,f3ab07345f79ae7c19b05f289fc33151
Dataset_BUSI\benign\benign (68).png,benign (68).png,benign,0,1,Dataset_BUSI\benign\benign (68)_mask.png,302,5360db23861d022649e20876ef776229
Dataset_BUSI\benign\benign (69).png,benign (69).png,benign,0,1,Dataset_BUSI\benign\benign (69)_mask.png,303,10f48edfa29f6b97d165612618473be4
Dataset_BUSI\benign\benign (7).png,benign (7).png,benign,0,1,Dataset_BUSI\benign\benign (7)_mask.png,181,4c61e5699a005c6613684692e4957d68
Dataset_BUSI\benign\benign (70).png,benign (70).png,benign,0,1,Dataset_BUSI\benign\benign (70)_mask.png,304,8c3403d1a434b2ed0465e725d06534de
Dataset_BUSI\benign\benign (71).png,benign (71).png,benign,0,1,Dataset_BUSI\benign\benign (71)_mask.png,305,204b5f6b3d2a7b27f3a45fcd9e5130bb
Dataset_BUSI\benign\benign (72).png,benign (72).png,benign,0,1,Dataset_BUSI\benign\benign (72)_mask.png,306,5d1ddbb7f3d9fa606e326c02b73e7687
Dataset_BUSI\benign\benign (73).png,benign (73).png,benign,0,1,Dataset_BUSI\benign\benign (73)_mask.png,307,e93cf3b34ce23f7a6ee9404585f6187f
Dataset_BUSI\benign\benign (74).png,benign (74).png,benign,0,1,Dataset_BUSI\benign\benign (74)_mask.png,308,7e003c9a9539ae230a386b55f86360ee
Dataset_BUSI\benign\benign (75).png,benign (75).png,benign,0,1,Dataset_BUSI\benign\benign (75)_mask.png,309,bd6e21d62dc0db4e5fef827d3f138ec5
Dataset_BUSI\benign\benign (76).png,benign (76).png,benign,0,1,Dataset_BUSI\benign\benign (76)_mask.png,310,e8a93eb5ee8279cac50640c565ab0fe7
Dataset_BUSI\benign\benign (77).png,benign (77).png,benign,0,1,Dataset_BUSI\benign\benign (77)_mask.png,311,c1349a9134e6b610f5a4961f5b753e7e
Dataset_BUSI\benign\benign (78).png,benign (78).png,benign,0,1,Dataset_BUSI\benign\benign (78)_mask.png,312,216ca1f81d4d2eb2e90270b1f20e7c48
Dataset_BUSI\benign\benign (79).png,benign (79).png,benign,0,1,Dataset_BUSI\benign\benign (79)_mask.png,313,1b2121267b02b1e75bd2c6447a0ddbcd
Dataset_BUSI\benign\benign (8).png,benign (8).png,benign,0,1,Dataset_BUSI\benign\benign (8)_mask.png,182,e33c1477695b4238ae42bcdea9f11b37
Dataset_BUSI\benign\benign (80).png,benign (80).png,benign,0,1,Dataset_BUSI\benign\benign (80)_mask.png,314,927a354b2cdf49050e367b68f2952710
Dataset_BUSI\benign\benign (81).png,benign (81).png,benign,0,1,Dataset_BUSI\benign\benign (81)_mask.png,100,3151ae6921a95f8f80ba1bbd746134ee
Dataset_BUSI\benign\benign (82).png,benign (82).png,benign,0,1,Dataset_BUSI\benign\benign (82)_mask.png,315,d03d4444e4914acdff18e2a51e0bab66
Dataset_BUSI\benign\benign (83).png,benign (83).png,benign,0,2,Dataset_BUSI\benign\benign (83)_mask.png|Dataset_BUSI\benign\benign (83)_mask_1.png,316,01ff53c4c9a8fc2cb951b4ccac1a2b5e
Dataset_BUSI\benign\benign (84).png,benign (84).png,benign,0,1,Dataset_BUSI\benign\benign (84)_mask.png,317,33a989c3296daf851d60a7989a4a2631
Dataset_BUSI\benign\benign (85).png,benign (85).png,benign,0,1,Dataset_BUSI\benign\benign (85)_mask.png,66,50543453c771dbe5285f20115e2702d3
Dataset_BUSI\benign\benign (86).png,benign (86).png,benign,0,1,Dataset_BUSI\benign\benign (86)_mask.png,65,b8fc49c496b44f320351d9a9feb1afbe
Dataset_BUSI\benign\benign (87).png,benign (87).png,benign,0,1,Dataset_BUSI\benign\benign (87)_mask.png,318,58228a2c4c4d17ef573675231746ddf7
Dataset_BUSI\benign\benign (88).png,benign (88).png,benign,0,1,Dataset_BUSI\benign\benign (88)_mask.png,319,7d210ff5ec8825df87ee086a764a4782
Dataset_BUSI\benign\benign (89).png,benign (89).png,benign,0,1,Dataset_BUSI\benign\benign (89)_mask.png,320,f70c0a243a952c4b1570d81f9f3ac1aa
Dataset_BUSI\benign\benign (9).png,benign (9).png,benign,0,1,Dataset_BUSI\benign\benign (9)_mask.png,183,8bac6704560a5297614dec0e4b482968
Dataset_BUSI\benign\benign (90).png,benign (90).png,benign,0,1,Dataset_BUSI\benign\benign (90)_mask.png,321,21257dca01869a331b978130fa03e2a9
Dataset_BUSI\benign\benign (91).png,benign (91).png,benign,0,1,Dataset_BUSI\benign\benign (91)_mask.png,322,ef23482616da0230c090ef04d067f3d5
Dataset_BUSI\benign\benign (92).png,benign (92).png,benign,0,2,Dataset_BUSI\benign\benign (92)_mask.png|Dataset_BUSI\benign\benign (92)_mask_1.png,323,e7437d3e98720f3bb314e9a89f44b9e6
Dataset_BUSI\benign\benign (93).png,benign (93).png,benign,0,2,Dataset_BUSI\benign\benign (93)_mask.png|Dataset_BUSI\benign\benign (93)_mask_1.png,324,38ab85d16e6f67fe49c4790c36d82d8c
Dataset_BUSI\benign\benign (94).png,benign (94).png,benign,0,1,Dataset_BUSI\benign\benign (94)_mask.png,296,bb2b9c36efd146253f1b276afb76c06c
Dataset_BUSI\benign\benign (95).png,benign (95).png,benign,0,1,Dataset_BUSI\benign\benign (95)_mask.png,325,e50dfdcea71efa7d64c31b5d694b58fb
Dataset_BUSI\benign\benign (96).png,benign (96).png,benign,0,1,Dataset_BUSI\benign\benign (96)_mask.png,60,67912ac3d284cd36c17c96d564d14618
Dataset_BUSI\benign\benign (97).png,benign (97).png,benign,0,1,Dataset_BUSI\benign\benign (97)_mask.png,326,fc5716e62e340e56fde5fc3a661317a7
Dataset_BUSI\benign\benign (98).png,benign (98).png,benign,0,2,Dataset_BUSI\benign\benign (98)_mask.png|Dataset_BUSI\benign\benign (98)_mask_1.png,327,6fb1ded808d8888e9684cd9ccbb844c4
Dataset_BUSI\benign\benign (99).png,benign (99).png,benign,0,1,Dataset_BUSI\benign\benign (99)_mask.png,42,8d0592922f155468927127853c39028d
Dataset_BUSI\malignant\malignant (1).png,malignant (1).png,malignant,1,1,Dataset_BUSI\malignant\malignant (1)_mask.png,328,39bb5e0dfc218118eff98378b1c5bc19
Dataset_BUSI\malignant\malignant (10).png,malignant (10).png,malignant,1,1,Dataset_BUSI\malignant\malignant (10)_mask.png,329,8cfe9ea85d7dc47d6f0507b7ef11ecbf
Dataset_BUSI\malignant\malignant (100).png,malignant (100).png,malignant,1,1,Dataset_BUSI\malignant\malignant (100)_mask.png,330,2c9bfb14c73f8a283c4392e6bc35f029
Dataset_BUSI\malignant\malignant (101).png,malignant (101).png,malignant,1,1,Dataset_BUSI\malignant\malignant (101)_mask.png,331,8c60c281ff37cfee52849d2393805a5f
Dataset_BUSI\malignant\malignant (102).png,malignant (102).png,malignant,1,1,Dataset_BUSI\malignant\malignant (102)_mask.png,332,5cdf41b2bf7be1f6f9c235c886b0799f
Dataset_BUSI\malignant\malignant (103).png,malignant (103).png,malignant,1,1,Dataset_BUSI\malignant\malignant (103)_mask.png,333,fcb329ee177e221488e944db299c258a
Dataset_BUSI\malignant\malignant (104).png,malignant (104).png,malignant,1,1,Dataset_BUSI\malignant\malignant (104)_mask.png,334,7be02e275096a3f235be17a03424000e
Dataset_BUSI\malignant\malignant (105).png,malignant (105).png,malignant,1,1,Dataset_BUSI\malignant\malignant (105)_mask.png,335,f3361c6716fdf172b1d26f30b014978f
Dataset_BUSI\malignant\malignant (106).png,malignant (106).png,malignant,1,1,Dataset_BUSI\malignant\malignant (106)_mask.png,336,3b4d18a7b88a7c5e34bb7f7ce51770e7
Dataset_BUSI\malignant\malignant (107).png,malignant (107).png,malignant,1,1,Dataset_BUSI\malignant\malignant (107)_mask.png,337,13b34d8fc33c0af99f3a9ce13795667e
Dataset_BUSI\malignant\malignant (108).png,malignant (108).png,malignant,1,1,Dataset_BUSI\malignant\malignant (108)_mask.png,338,fa88a6d69c4836f90724b83b68f113d6
Dataset_BUSI\malignant\malignant (109).png,malignant (109).png,malignant,1,1,Dataset_BUSI\malignant\malignant (109)_mask.png,339,8055cce1c115b4b6e5d1e4baafd209d0
Dataset_BUSI\malignant\malignant (11).png,malignant (11).png,malignant,1,1,Dataset_BUSI\malignant\malignant (11)_mask.png,340,42399a694a0e578ffc0c29e1f248b77b
Dataset_BUSI\malignant\malignant (110).png,malignant (110).png,malignant,1,1,Dataset_BUSI\malignant\malignant (110)_mask.png,341,24470023701e27a7d9f316d629550abc
Dataset_BUSI\malignant\malignant (111).png,malignant (111).png,malignant,1,1,Dataset_BUSI\malignant\malignant (111)_mask.png,342,810e7ba8731d07918ecd827e7ea7e456
Dataset_BUSI\malignant\malignant (112).png,malignant (112).png,malignant,1,1,Dataset_BUSI\malignant\malignant (112)_mask.png,329,85912201f977ba345080d97085069f4b
Dataset_BUSI\malignant\malignant (113).png,malignant (113).png,malignant,1,1,Dataset_BUSI\malignant\malignant (113)_mask.png,343,d6b4c0f3d2861e623db66e6799c05c93
Dataset_BUSI\malignant\malignant (114).png,malignant (114).png,malignant,1,1,Dataset_BUSI\malignant\malignant (114)_mask.png,344,21a3c6a7ec804fcc80ae560e42b43506
Dataset_BUSI\malignant\malignant (115).png,malignant (115).png,malignant,1,1,Dataset_BUSI\malignant\malignant (115)_mask.png,345,6ba540e8a77b0b6ef0b91bbb610d7c49
Dataset_BUSI\malignant\malignant (116).png,malignant (116).png,malignant,1,1,Dataset_BUSI\malignant\malignant (116)_mask.png,346,d5b8f096d77f417b606e32933ba8f79f
Dataset_BUSI\malignant\malignant (117).png,malignant (117).png,malignant,1,1,Dataset_BUSI\malignant\malignant (117)_mask.png,347,e96f9768b9eac2e618bde346836fc4ea
Dataset_BUSI\malignant\malignant (118).png,malignant (118).png,malignant,1,1,Dataset_BUSI\malignant\malignant (118)_mask.png,348,e41b3aca6bd4b717d58cf27c1704e177
Dataset_BUSI\malignant\malignant (119).png,malignant (119).png,malignant,1,1,Dataset_BUSI\malignant\malignant (119)_mask.png,348,2c05cde819a6868351151cf1d44499dd
Dataset_BUSI\malignant\malignant (12).png,malignant (12).png,malignant,1,1,Dataset_BUSI\malignant\malignant (12)_mask.png,341,424dfd673ed600aabbe07285c70399f4
Dataset_BUSI\malignant\malignant (120).png,malignant (120).png,malignant,1,1,Dataset_BUSI\malignant\malignant (120)_mask.png,349,40f6145c2588fe119b4d85a907888231
Dataset_BUSI\malignant\malignant (121).png,malignant (121).png,malignant,1,1,Dataset_BUSI\malignant\malignant (121)_mask.png,350,f9958505c7d15bdc972da23a3c0dc11d
Dataset_BUSI\malignant\malignant (122).png,malignant (122).png,malignant,1,1,Dataset_BUSI\malignant\malignant (122)_mask.png,351,4a06ba266b6e3740cea979df924b4073
Dataset_BUSI\malignant\malignant (123).png,malignant (123).png,malignant,1,1,Dataset_BUSI\malignant\malignant (123)_mask.png,344,f93448ab1404007be204a1f693c57750
Dataset_BUSI\malignant\malignant (124).png,malignant (124).png,malignant,1,1,Dataset_BUSI\malignant\malignant (124)_mask.png,352,fa4ddf6970dbde7bc6b8c52780fdcbd7
Dataset_BUSI\malignant\malignant (125).png,malignant (125).png,malignant,1,1,Dataset_BUSI\malignant\malignant (125)_mask.png,353,4070e0c26d54e431ee467ebcafd0226e
Dataset_BUSI\malignant\malignant (126).png,malignant (126).png,malignant,1,1,Dataset_BUSI\malignant\malignant (126)_mask.png,354,bca020342922bfe82f5b4e6c620338dd
Dataset_BUSI\malignant\malignant (127).png,malignant (127).png,malignant,1,1,Dataset_BUSI\malignant\malignant (127)_mask.png,355,8013906d404fe6e33f4465628cf34985
Dataset_BUSI\malignant\malignant (128).png,malignant (128).png,malignant,1,1,Dataset_BUSI\malignant\malignant (128)_mask.png,356,e39bf519032f3479143d729f08afc492
Dataset_BUSI\malignant\malignant (129).png,malignant (129).png,malignant,1,1,Dataset_BUSI\malignant\malignant (129)_mask.png,357,7ecd4098249db76609965a60a31de2bd
Dataset_BUSI\malignant\malignant (13).png,malignant (13).png,malignant,1,1,Dataset_BUSI\malignant\malignant (13)_mask.png,339,3a5f1fe27dd123060170a8088544489e
Dataset_BUSI\malignant\malignant (130).png,malignant (130).png,malignant,1,1,Dataset_BUSI\malignant\malignant (130)_mask.png,358,408b8c87733d825b5ca116d431c5d23c
Dataset_BUSI\malignant\malignant (131).png,malignant (131).png,malignant,1,1,Dataset_BUSI\malignant\malignant (131)_mask.png,359,5096089a03959b22cd5b904d8fe8c895
Dataset_BUSI\malignant\malignant (132).png,malignant (132).png,malignant,1,1,Dataset_BUSI\malignant\malignant (132)_mask.png,360,632e98923368f58ff7cfd3ec12af7e38
Dataset_BUSI\malignant\malignant (133).png,malignant (133).png,malignant,1,1,Dataset_BUSI\malignant\malignant (133)_mask.png,361,8848680e44c1f7c6c88d418e45091cb7
Dataset_BUSI\malignant\malignant (134).png,malignant (134).png,malignant,1,1,Dataset_BUSI\malignant\malignant (134)_mask.png,362,a8d9276248a01b265f74a05f5ac5b56a
Dataset_BUSI\malignant\malignant (135).png,malignant (135).png,malignant,1,1,Dataset_BUSI\malignant\malignant (135)_mask.png,363,2504bbcda0f290f61f430cccb26e655a
Dataset_BUSI\malignant\malignant (136).png,malignant (136).png,malignant,1,1,Dataset_BUSI\malignant\malignant (136)_mask.png,364,d6f5b80a78da478bcb1074f8b29bbbe2
Dataset_BUSI\malignant\malignant (137).png,malignant (137).png,malignant,1,1,Dataset_BUSI\malignant\malignant (137)_mask.png,365,8b88a14c8cddcdc6a763ae043438b483
Dataset_BUSI\malignant\malignant (138).png,malignant (138).png,malignant,1,1,Dataset_BUSI\malignant\malignant (138)_mask.png,366,8d79254d43f4e26b24dbac126d9b4a8c
Dataset_BUSI\malignant\malignant (139).png,malignant (139).png,malignant,1,1,Dataset_BUSI\malignant\malignant (139)_mask.png,367,33d2c0efb869699f8c26f26cc67b1b79
Dataset_BUSI\malignant\malignant (14).png,malignant (14).png,malignant,1,1,Dataset_BUSI\malignant\malignant (14)_mask.png,344,00fe093d5b0ceb4189628ed9bc9447c4
Dataset_BUSI\malignant\malignant (140).png,malignant (140).png,malignant,1,1,Dataset_BUSI\malignant\malignant (140)_mask.png,368,e9b38a9ad8053b001466c6a3fa264b76
Dataset_BUSI\malignant\malignant (141).png,malignant (141).png,malignant,1,1,Dataset_BUSI\malignant\malignant (141)_mask.png,369,ec79a3f73cc0bfe0c242be01dcd7e0cf
Dataset_BUSI\malignant\malignant (142).png,malignant (142).png,malignant,1,1,Dataset_BUSI\malignant\malignant (142)_mask.png,370,1b7506ae376a412cf6c7b260bb7d75c1
Dataset_BUSI\malignant\malignant (143).png,malignant (143).png,malignant,1,1,Dataset_BUSI\malignant\malignant (143)_mask.png,371,15457c77e4d451fea9c60964df86a0d1
Dataset_BUSI\malignant\malignant (144).png,malignant (144).png,malignant,1,1,Dataset_BUSI\malignant\malignant (144)_mask.png,372,46d2094972f2f9b8f914d27b4fefd11c
Dataset_BUSI\malignant\malignant (145).png,malignant (145).png,malignant,1,1,Dataset_BUSI\malignant\malignant (145)_mask.png,280,aed81b43d8d5584e8ab5a5bb10cd0c78
Dataset_BUSI\malignant\malignant (146).png,malignant (146).png,malignant,1,1,Dataset_BUSI\malignant\malignant (146)_mask.png,373,8ed19317965250cedc9e2e8f37c6acc7
Dataset_BUSI\malignant\malignant (147).png,malignant (147).png,malignant,1,1,Dataset_BUSI\malignant\malignant (147)_mask.png,374,b9ee11ab562504e4cc83cd8dab251551
Dataset_BUSI\malignant\malignant (148).png,malignant (148).png,malignant,1,1,Dataset_BUSI\malignant\malignant (148)_mask.png,375,63632a6285ecf717a06a107554f23aee
Dataset_BUSI\malignant\malignant (149).png,malignant (149).png,malignant,1,1,Dataset_BUSI\malignant\malignant (149)_mask.png,376,9e183024d3cdbb00557f3cf520c8cb8e
Dataset_BUSI\malignant\malignant (15).png,malignant (15).png,malignant,1,1,Dataset_BUSI\malignant\malignant (15)_mask.png,342,f1bdd9d2e66a708447e76df923112b15
Dataset_BUSI\malignant\malignant (150).png,malignant (150).png,malignant,1,1,Dataset_BUSI\malignant\malignant (150)_mask.png,377,950cfe89e12aad02a17b1ec7da43c1d0
Dataset_BUSI\malignant\malignant (151).png,malignant (151).png,malignant,1,1,Dataset_BUSI\malignant\malignant (151)_mask.png,378,7c621032ea94b8f51d79c36bd9ff9a74
Dataset_BUSI\malignant\malignant (152).png,malignant (152).png,malignant,1,1,Dataset_BUSI\malignant\malignant (152)_mask.png,379,294e87ff44e08c59b6f87937ea28ceba
Dataset_BUSI\malignant\malignant (153).png,malignant (153).png,malignant,1,1,Dataset_BUSI\malignant\malignant (153)_mask.png,380,590e8dcbb06b0bac91e0c04e8174f12e
Dataset_BUSI\malignant\malignant (154).png,malignant (154).png,malignant,1,1,Dataset_BUSI\malignant\malignant (154)_mask.png,381,b63616b9d453e89c92ef3db89d04e89a
Dataset_BUSI\malignant\malignant (155).png,malignant (155).png,malignant,1,1,Dataset_BUSI\malignant\malignant (155)_mask.png,382,a9af6080359cfeb796903542faa26b98
Dataset_BUSI\malignant\malignant (156).png,malignant (156).png,malignant,1,1,Dataset_BUSI\malignant\malignant (156)_mask.png,383,d7f13411df6a45ddace1e19fff18f756
Dataset_BUSI\malignant\malignant (157).png,malignant (157).png,malignant,1,1,Dataset_BUSI\malignant\malignant (157)_mask.png,384,d3e2c90020bf97fbfe8181823a5ecf08
Dataset_BUSI\malignant\malignant (158).png,malignant (158).png,malignant,1,1,Dataset_BUSI\malignant\malignant (158)_mask.png,385,1dd24a5bcc10b779cdfe19e981ad2d3f
Dataset_BUSI\malignant\malignant (159).png,malignant (159).png,malignant,1,1,Dataset_BUSI\malignant\malignant (159)_mask.png,386,f63e1d2b1b3480d2012ba206e7c86ea3
Dataset_BUSI\malignant\malignant (16).png,malignant (16).png,malignant,1,1,Dataset_BUSI\malignant\malignant (16)_mask.png,387,27a03cd38574a42f62322fa803eccb51
Dataset_BUSI\malignant\malignant (160).png,malignant (160).png,malignant,1,1,Dataset_BUSI\malignant\malignant (160)_mask.png,388,287b5ea09dfe12ea4513850a05db71b2
Dataset_BUSI\malignant\malignant (161).png,malignant (161).png,malignant,1,1,Dataset_BUSI\malignant\malignant (161)_mask.png,389,66cc88c6f77c08db21bad2033ba80321
Dataset_BUSI\malignant\malignant (162).png,malignant (162).png,malignant,1,1,Dataset_BUSI\malignant\malignant (162)_mask.png,390,7d96670322c886f6f7fae8e85e308930
Dataset_BUSI\malignant\malignant (163).png,malignant (163).png,malignant,1,1,Dataset_BUSI\malignant\malignant (163)_mask.png,391,a9b1221a39ec1eb8c87682829e89daca
Dataset_BUSI\malignant\malignant (164).png,malignant (164).png,malignant,1,1,Dataset_BUSI\malignant\malignant (164)_mask.png,392,f03d495ee766d3236e61a4bbf076f67f
Dataset_BUSI\malignant\malignant (165).png,malignant (165).png,malignant,1,1,Dataset_BUSI\malignant\malignant (165)_mask.png,393,c7459a1f4802303c3f654f67ab2ea2ad
Dataset_BUSI\malignant\malignant (166).png,malignant (166).png,malignant,1,1,Dataset_BUSI\malignant\malignant (166)_mask.png,394,f7e8b2f2d0496ab3d9c290dc8016dadf
Dataset_BUSI\malignant\malignant (167).png,malignant (167).png,malignant,1,1,Dataset_BUSI\malignant\malignant (167)_mask.png,395,e94bcee18f7c75aa47b6433f4dc63ff6
Dataset_BUSI\malignant\malignant (168).png,malignant (168).png,malignant,1,1,Dataset_BUSI\malignant\malignant (168)_mask.png,396,32de409045e44290f07f1d7a323d7e2d
Dataset_BUSI\malignant\malignant (169).png,malignant (169).png,malignant,1,1,Dataset_BUSI\malignant\malignant (169)_mask.png,397,34e4bbc204c18e9f9ae688f521fbcfe7
Dataset_BUSI\malignant\malignant (17).png,malignant (17).png,malignant,1,1,Dataset_BUSI\malignant\malignant (17)_mask.png,398,c49ad0a32a149a487c0aedf042a505ea
Dataset_BUSI\malignant\malignant (170).png,malignant (170).png,malignant,1,1,Dataset_BUSI\malignant\malignant (170)_mask.png,399,7d5ef491aab76763ef8c963b813afd19
Dataset_BUSI\malignant\malignant (171).png,malignant (171).png,malignant,1,1,Dataset_BUSI\malignant\malignant (171)_mask.png,400,53d8a70ecc3bec551a87a79177d52b53
Dataset_BUSI\malignant\malignant (172).png,malignant (172).png,malignant,1,1,Dataset_BUSI\malignant\malignant (172)_mask.png,401,6daabd3a1eedac7a5668d7019a1de30c
Dataset_BUSI\malignant\malignant (173).png,malignant (173).png,malignant,1,1,Dataset_BUSI\malignant\malignant (173)_mask.png,402,38e9063e3da49c3ab6cbe839ccb03e4e
Dataset_BUSI\malignant\malignant (174).png,malignant (174).png,malignant,1,1,Dataset_BUSI\malignant\malignant (174)_mask.png,403,080e8358e32078100fbef90c54ba952b
Dataset_BUSI\malignant\malignant (175).png,malignant (175).png,malignant,1,1,Dataset_BUSI\malignant\malignant (175)_mask.png,404,3e8c5610d446cbf693a9d6076fedd039
Dataset_BUSI\malignant\malignant (176).png,malignant (176).png,malignant,1,1,Dataset_BUSI\malignant\malignant (176)_mask.png,405,de1e22d590f79466acc52514958c04a6
Dataset_BUSI\malignant\malignant (177).png,malignant (177).png,malignant,1,1,Dataset_BUSI\malignant\malignant (177)_mask.png,406,eacc47ffebbaeee01d5b8a6b7a573165
Dataset_BUSI\malignant\malignant (178).png,malignant (178).png,malignant,1,1,Dataset_BUSI\malignant\malignant (178)_mask.png,407,f9a6b6ae79d7adb772b1d14eb703d1ec
Dataset_BUSI\malignant\malignant (179).png,malignant (179).png,malignant,1,1,Dataset_BUSI\malignant\malignant (179)_mask.png,408,b4c403605564aa6e04d32082a4d12dac
Dataset_BUSI\malignant\malignant (18).png,malignant (18).png,malignant,1,1,Dataset_BUSI\malignant\malignant (18)_mask.png,346,5b9dd338828527acd4aa9e6b8d4aeee0
Dataset_BUSI\malignant\malignant (180).png,malignant (180).png,malignant,1,1,Dataset_BUSI\malignant\malignant (180)_mask.png,409,31b149f3939c6634c34af3335fcdfa94
Dataset_BUSI\malignant\malignant (181).png,malignant (181).png,malignant,1,1,Dataset_BUSI\malignant\malignant (181)_mask.png,410,79bc2d2ccd80ac36ba752fa81897078b
Dataset_BUSI\malignant\malignant (182).png,malignant (182).png,malignant,1,1,Dataset_BUSI\malignant\malignant (182)_mask.png,411,9a197eae30fbb8441eaab3ebf065acc7
Dataset_BUSI\malignant\malignant (183).png,malignant (183).png,malignant,1,1,Dataset_BUSI\malignant\malignant (183)_mask.png,412,5e8a15d4c189afa74d98819db163d366
Dataset_BUSI\malignant\malignant (184).png,malignant (184).png,malignant,1,1,Dataset_BUSI\malignant\malignant (184)_mask.png,413,5118b47bdd24f067c0ec6474b7322132
Dataset_BUSI\malignant\malignant (185).png,malignant (185).png,malignant,1,1,Dataset_BUSI\malignant\malignant (185)_mask.png,414,f624710226a30555aab04045a407280b
Dataset_BUSI\malignant\malignant (186).png,malignant (186).png,malignant,1,1,Dataset_BUSI\malignant\malignant (186)_mask.png,415,4f10d1dc8b082e0c5eb6040ae57b18f7
Dataset_BUSI\malignant\malignant (187).png,malignant (187).png,malignant,1,1,Dataset_BUSI\malignant\malignant (187)_mask.png,416,1ed8a224637bc4992fa8dcfde99ee65b
Dataset_BUSI\malignant\malignant (188).png,malignant (188).png,malignant,1,1,Dataset_BUSI\malignant\malignant (188)_mask.png,417,f81fefd6b45bc5d4ea49afc4e7938380
Dataset_BUSI\malignant\malignant (189).png,malignant (189).png,malignant,1,1,Dataset_BUSI\malignant\malignant (189)_mask.png,418,0499bdbe1a861ce0a9b28667f670bf70
Dataset_BUSI\malignant\malignant (19).png,malignant (19).png,malignant,1,1,Dataset_BUSI\malignant\malignant (19)_mask.png,419,a260ea5b3c1da886ada65af573aab013
Dataset_BUSI\malignant\malignant (190).png,malignant (190).png,malignant,1,1,Dataset_BUSI\malignant\malignant (190)_mask.png,420,272e6981ff6734cfd6e4877de5842a85
Dataset_BUSI\malignant\malignant (191).png,malignant (191).png,malignant,1,1,Dataset_BUSI\malignant\malignant (191)_mask.png,421,3b6c4e64620fb472657bc5d9f997c446
Dataset_BUSI\malignant\malignant (192).png,malignant (192).png,malignant,1,1,Dataset_BUSI\malignant\malignant (192)_mask.png,422,ef6c3e9e48f602eb36a23fe371be7f22
Dataset_BUSI\malignant\malignant (193).png,malignant (193).png,malignant,1,1,Dataset_BUSI\malignant\malignant (193)_mask.png,423,4af7a4492954a15208f6b26b9fe1f284
Dataset_BUSI\malignant\malignant (194).png,malignant (194).png,malignant,1,1,Dataset_BUSI\malignant\malignant (194)_mask.png,424,af3504e51a538c8eda68657361b39ccc
Dataset_BUSI\malignant\malignant (195).png,malignant (195).png,malignant,1,1,Dataset_BUSI\malignant\malignant (195)_mask.png,425,eebc2f3d1746d99ff25f9b58eae0c0e9
Dataset_BUSI\malignant\malignant (196).png,malignant (196).png,malignant,1,1,Dataset_BUSI\malignant\malignant (196)_mask.png,426,554bf82e6d580f344f6d77daa2052acb
Dataset_BUSI\malignant\malignant (197).png,malignant (197).png,malignant,1,1,Dataset_BUSI\malignant\malignant (197)_mask.png,427,43a16697769fb434e09927356e91cf2e
Dataset_BUSI\malignant\malignant (198).png,malignant (198).png,malignant,1,1,Dataset_BUSI\malignant\malignant (198)_mask.png,428,b8c49518e74f81713ce5adb426b00b2c
Dataset_BUSI\malignant\malignant (199).png,malignant (199).png,malignant,1,1,Dataset_BUSI\malignant\malignant (199)_mask.png,429,78fd85b70fe094740b662b5d3c61d716
Dataset_BUSI\malignant\malignant (2).png,malignant (2).png,malignant,1,1,Dataset_BUSI\malignant\malignant (2)_mask.png,430,2bb725388386fe8892e01c14bd8799c8
Dataset_BUSI\malignant\malignant (20).png,malignant (20).png,malignant,1,1,Dataset_BUSI\malignant\malignant (20)_mask.png,431,e88ac9484aaaac4331899172e5786d67
Dataset_BUSI\malignant\malignant (200).png,malignant (200).png,malignant,1,1,Dataset_BUSI\malignant\malignant (200)_mask.png,432,4054f4e1164d81359af57552727d9c9f
Dataset_BUSI\malignant\malignant (201).png,malignant (201).png,malignant,1,1,Dataset_BUSI\malignant\malignant (201)_mask.png,433,6d4a96ac35d0d7858606ceeb1d73bbbf
Dataset_BUSI\malignant\malignant (202).png,malignant (202).png,malignant,1,1,Dataset_BUSI\malignant\malignant (202)_mask.png,434,77230945f83c0faca985e85ee61b8c82
Dataset_BUSI\malignant\malignant (203).png,malignant (203).png,malignant,1,1,Dataset_BUSI\malignant\malignant (203)_mask.png,435,cfe9854c6b234b2a9c8e30e6dfe24576
Dataset_BUSI\malignant\malignant (204).png,malignant (204).png,malignant,1,1,Dataset_BUSI\malignant\malignant (204)_mask.png,436,17684d5ce7b1b981f162fc183512722f
Dataset_BUSI\malignant\malignant (205).png,malignant (205).png,malignant,1,1,Dataset_BUSI\malignant\malignant (205)_mask.png,437,ac069c56f4382a53f0c10426c7bbd2de
Dataset_BUSI\malignant\malignant (206).png,malignant (206).png,malignant,1,1,Dataset_BUSI\malignant\malignant (206)_mask.png,438,d2a57521d249a7cfe2198f509da73511
Dataset_BUSI\malignant\malignant (207).png,malignant (207).png,malignant,1,1,Dataset_BUSI\malignant\malignant (207)_mask.png,439,8b514ff1deceff0b0cc00aa571eca858
Dataset_BUSI\malignant\malignant (208).png,malignant (208).png,malignant,1,1,Dataset_BUSI\malignant\malignant (208)_mask.png,440,96ef693483051a8ed62230c400a0e12a
Dataset_BUSI\malignant\malignant (209).png,malignant (209).png,malignant,1,1,Dataset_BUSI\malignant\malignant (209)_mask.png,441,ca6e3170217972c71d7aca175591b5f2
Dataset_BUSI\malignant\malignant (21).png,malignant (21).png,malignant,1,1,Dataset_BUSI\malignant\malignant (21)_mask.png,442,2b09288b14531d8d012904874e33d9c7
Dataset_BUSI\malignant\malignant (210).png,malignant (210).png,malignant,1,1,Dataset_BUSI\malignant\malignant (210)_mask.png,443,763769be2c87cdee4bbe61b7b49deb84
Dataset_BUSI\malignant\malignant (22).png,malignant (22).png,malignant,1,1,Dataset_BUSI\malignant\malignant (22)_mask.png,444,5d1e19581c0d1724583e6d90143cd345
Dataset_BUSI\malignant\malignant (23).png,malignant (23).png,malignant,1,1,Dataset_BUSI\malignant\malignant (23)_mask.png,445,849f2d9b19e749ece8abbe161470fa7e
Dataset_BUSI\malignant\malignant (24).png,malignant (24).png,malignant,1,1,Dataset_BUSI\malignant\malignant (24)_mask.png,446,c1d2b3200f350e0006ddcf0aea2084e4
Dataset_BUSI\malignant\malignant (25).png,malignant (25).png,malignant,1,1,Dataset_BUSI\malignant\malignant (25)_mask.png,447,ed43980f4b3f0f44e724fd42f73f5639
Dataset_BUSI\malignant\malignant (26).png,malignant (26).png,malignant,1,1,Dataset_BUSI\malignant\malignant (26)_mask.png,448,64eb818fb3b07f02febd95a79a6598bf
Dataset_BUSI\malignant\malignant (27).png,malignant (27).png,malignant,1,1,Dataset_BUSI\malignant\malignant (27)_mask.png,449,084ba44cc43935d7d2b7d1f9817579c4
Dataset_BUSI\malignant\malignant (28).png,malignant (28).png,malignant,1,1,Dataset_BUSI\malignant\malignant (28)_mask.png,450,e987de231cc280cc08527ca173f5078e
Dataset_BUSI\malignant\malignant (29).png,malignant (29).png,malignant,1,1,Dataset_BUSI\malignant\malignant (29)_mask.png,451,234bb040ae0b7aa0c5cefc6b9d6b5a0c
Dataset_BUSI\malignant\malignant (3).png,malignant (3).png,malignant,1,1,Dataset_BUSI\malignant\malignant (3)_mask.png,452,e228b1cee58ee3a0a6b0869b122c9f77
Dataset_BUSI\malignant\malignant (30).png,malignant (30).png,malignant,1,1,Dataset_BUSI\malignant\malignant (30)_mask.png,453,251cb4d5095ed7a989d11fb115f60cdf
Dataset_BUSI\malignant\malignant (31).png,malignant (31).png,malignant,1,1,Dataset_BUSI\malignant\malignant (31)_mask.png,454,f9780f95f69ccb38adcb455a5e06d81f
Dataset_BUSI\malignant\malignant (32).png,malignant (32).png,malignant,1,1,Dataset_BUSI\malignant\malignant (32)_mask.png,455,f048d9a469839379948613edc3c6b669
Dataset_BUSI\malignant\malignant (33).png,malignant (33).png,malignant,1,1,Dataset_BUSI\malignant\malignant (33)_mask.png,456,d8e899c243c0f620ed64b876bf124777
Dataset_BUSI\malignant\malignant (34).png,malignant (34).png,malignant,1,1,Dataset_BUSI\malignant\malignant (34)_mask.png,457,18ac86a91736aadacf108657fa43488e
Dataset_BUSI\malignant\malignant (35).png,malignant (35).png,malignant,1,1,Dataset_BUSI\malignant\malignant (35)_mask.png,458,3316d82bec24a03de9020b0e53ad01f3
Dataset_BUSI\malignant\malignant (36).png,malignant (36).png,malignant,1,1,Dataset_BUSI\malignant\malignant (36)_mask.png,459,1da959b51cc2cde9d3560fb7c7d4d787
Dataset_BUSI\malignant\malignant (37).png,malignant (37).png,malignant,1,1,Dataset_BUSI\malignant\malignant (37)_mask.png,460,24e143df372728617d4a7440873ee971
Dataset_BUSI\malignant\malignant (38).png,malignant (38).png,malignant,1,1,Dataset_BUSI\malignant\malignant (38)_mask.png,461,3b1aac193e509871e097153f6ed3b33d
Dataset_BUSI\malignant\malignant (39).png,malignant (39).png,malignant,1,1,Dataset_BUSI\malignant\malignant (39)_mask.png,462,f8b2af10e93d269c266ce088835a1541
Dataset_BUSI\malignant\malignant (4).png,malignant (4).png,malignant,1,1,Dataset_BUSI\malignant\malignant (4)_mask.png,463,d63c722161fd182626c9bef0fee68521
Dataset_BUSI\malignant\malignant (40).png,malignant (40).png,malignant,1,1,Dataset_BUSI\malignant\malignant (40)_mask.png,464,089127cd3412ff3d67d70e472fdcbadf
Dataset_BUSI\malignant\malignant (41).png,malignant (41).png,malignant,1,1,Dataset_BUSI\malignant\malignant (41)_mask.png,465,1720100f80a9b41bcdefca3eeb19dbd5
Dataset_BUSI\malignant\malignant (42).png,malignant (42).png,malignant,1,1,Dataset_BUSI\malignant\malignant (42)_mask.png,466,f4253520e46944dbba6b971de52db079
Dataset_BUSI\malignant\malignant (43).png,malignant (43).png,malignant,1,1,Dataset_BUSI\malignant\malignant (43)_mask.png,467,90118b0c719d2960079eedd1ef43836d
Dataset_BUSI\malignant\malignant (44).png,malignant (44).png,malignant,1,1,Dataset_BUSI\malignant\malignant (44)_mask.png,468,e4c9fd32577a55cd417a0d64618d2a70
Dataset_BUSI\malignant\malignant (45).png,malignant (45).png,malignant,1,1,Dataset_BUSI\malignant\malignant (45)_mask.png,469,39410f8d16e091fd78f0dd707f648388
Dataset_BUSI\malignant\malignant (46).png,malignant (46).png,malignant,1,1,Dataset_BUSI\malignant\malignant (46)_mask.png,470,01694c3c56f2c6ae4154500cb90e3426
Dataset_BUSI\malignant\malignant (47).png,malignant (47).png,malignant,1,1,Dataset_BUSI\malignant\malignant (47)_mask.png,471,b27301b941d4fe46420467cdd3d706e5
Dataset_BUSI\malignant\malignant (48).png,malignant (48).png,malignant,1,1,Dataset_BUSI\malignant\malignant (48)_mask.png,472,e71a9e8e991b95e3a20eb09fcf05bf35
Dataset_BUSI\malignant\malignant (49).png,malignant (49).png,malignant,1,1,Dataset_BUSI\malignant\malignant (49)_mask.png,473,35631c9bba184105bc8e3a2a2c6ec4b8
Dataset_BUSI\malignant\malignant (5).png,malignant (5).png,malignant,1,1,Dataset_BUSI\malignant\malignant (5)_mask.png,463,9b4b8132e937ef2aa402eacd47ff6cc6
Dataset_BUSI\malignant\malignant (50).png,malignant (50).png,malignant,1,1,Dataset_BUSI\malignant\malignant (50)_mask.png,474,f838b5c3b01e4f979210034395ca4702
Dataset_BUSI\malignant\malignant (51).png,malignant (51).png,malignant,1,1,Dataset_BUSI\malignant\malignant (51)_mask.png,34,b7e9fe0a11527e1eb0259c1bad8da029
Dataset_BUSI\malignant\malignant (52).png,malignant (52).png,malignant,1,1,Dataset_BUSI\malignant\malignant (52)_mask.png,66,19ca67465ad5606118d8895b569c202a
Dataset_BUSI\malignant\malignant (53).png,malignant (53).png,malignant,1,2,Dataset_BUSI\malignant\malignant (53)_mask.png|Dataset_BUSI\malignant\malignant (53)_mask_1.png,475,3bde8c75dd814807b07b52b2be6f8f92
Dataset_BUSI\malignant\malignant (54).png,malignant (54).png,malignant,1,1,Dataset_BUSI\malignant\malignant (54)_mask.png,476,065639a7ddf6d500fa8fef358b10ea02
Dataset_BUSI\malignant\malignant (55).png,malignant (55).png,malignant,1,1,Dataset_BUSI\malignant\malignant (55)_mask.png,477,842d32ea731511211234428deba6c9e0
Dataset_BUSI\malignant\malignant (56).png,malignant (56).png,malignant,1,1,Dataset_BUSI\malignant\malignant (56)_mask.png,478,ffc2627ac42f6de7de59632cb1f3b3ae
Dataset_BUSI\malignant\malignant (57).png,malignant (57).png,malignant,1,1,Dataset_BUSI\malignant\malignant (57)_mask.png,479,8f203a90e63b61332fc4bf5300895c5c
Dataset_BUSI\malignant\malignant (58).png,malignant (58).png,malignant,1,1,Dataset_BUSI\malignant\malignant (58)_mask.png,480,cebb04f3ef35be1972723bf1b0f42581
Dataset_BUSI\malignant\malignant (59).png,malignant (59).png,malignant,1,1,Dataset_BUSI\malignant\malignant (59)_mask.png,481,51570ddf6e72c44477303b241d57f7d4
Dataset_BUSI\malignant\malignant (6).png,malignant (6).png,malignant,1,1,Dataset_BUSI\malignant\malignant (6)_mask.png,492,5bf175490846741719c903d476d41af7
Dataset_BUSI\malignant\malignant (60).png,malignant (60).png,malignant,1,1,Dataset_BUSI\malignant\malignant (60)_mask.png,482,f35d8f53f1bbdd58f3a689c90fbccbfe
Dataset_BUSI\malignant\malignant (61).png,malignant (61).png,malignant,1,1,Dataset_BUSI\malignant\malignant (61)_mask.png,483,3c3e8a518336346811847c6dc4e264aa
Dataset_BUSI\malignant\malignant (62).png,malignant (62).png,malignant,1,1,Dataset_BUSI\malignant\malignant (62)_mask.png,484,c49bc6385490b3f9549bfed3ef8023a3
Dataset_BUSI\malignant\malignant (63).png,malignant (63).png,malignant,1,1,Dataset_BUSI\malignant\malignant (63)_mask.png,485,229d3f50abb5434c0f43c03f85646152
Dataset_BUSI\malignant\malignant (64).png,malignant (64).png,malignant,1,1,Dataset_BUSI\malignant\malignant (64)_mask.png,486,0321d60e73ff2c431f79e6fac76d6c9c
Dataset_BUSI\malignant\malignant (65).png,malignant (65).png,malignant,1,1,Dataset_BUSI\malignant\malignant (65)_mask.png,487,c58d95c43bf9346e3f04d4e153fda4ed
Dataset_BUSI\malignant\malignant (66).png,malignant (66).png,malignant,1,1,Dataset_BUSI\malignant\malignant (66)_mask.png,488,138b789de4b158ecfc75a7df228312aa
Dataset_BUSI\malignant\malignant (67).png,malignant (67).png,malignant,1,1,Dataset_BUSI\malignant\malignant (67)_mask.png,489,0b48fea8e4ae346d16f8634d655eb1bc
Dataset_BUSI\malignant\malignant (68).png,malignant (68).png,malignant,1,1,Dataset_BUSI\malignant\malignant (68)_mask.png,490,e3e9f526b1b297f64c7eee0a0d553775
Dataset_BUSI\malignant\malignant (69).png,malignant (69).png,malignant,1,1,Dataset_BUSI\malignant\malignant (69)_mask.png,491,299458f4cbf296cc82274d8ae696b619
Dataset_BUSI\malignant\malignant (7).png,malignant (7).png,malignant,1,1,Dataset_BUSI\malignant\malignant (7)_mask.png,492,c67b31122da82f00f9e8e456a2b65fa9
Dataset_BUSI\malignant\malignant (70).png,malignant (70).png,malignant,1,1,Dataset_BUSI\malignant\malignant (70)_mask.png,493,669512f38c3c24aeccd4541cf3baff64
Dataset_BUSI\malignant\malignant (71).png,malignant (71).png,malignant,1,1,Dataset_BUSI\malignant\malignant (71)_mask.png,494,0b212754f7c65ac074f618e709b8245c
Dataset_BUSI\malignant\malignant (72).png,malignant (72).png,malignant,1,1,Dataset_BUSI\malignant\malignant (72)_mask.png,495,d86e9988091d1f501f047325775eb7d6
Dataset_BUSI\malignant\malignant (73).png,malignant (73).png,malignant,1,1,Dataset_BUSI\malignant\malignant (73)_mask.png,496,529d75cc6c424bfe39cfe716a8907234
Dataset_BUSI\malignant\malignant (74).png,malignant (74).png,malignant,1,1,Dataset_BUSI\malignant\malignant (74)_mask.png,497,22d6debb4203057243f1fe790b9552fd
Dataset_BUSI\malignant\malignant (75).png,malignant (75).png,malignant,1,1,Dataset_BUSI\malignant\malignant (75)_mask.png,498,5dad983422295f2f9b09fa5aac4e1d61
Dataset_BUSI\malignant\malignant (76).png,malignant (76).png,malignant,1,1,Dataset_BUSI\malignant\malignant (76)_mask.png,499,437429421d0813b49b63da9a8d8147cf
Dataset_BUSI\malignant\malignant (77).png,malignant (77).png,malignant,1,1,Dataset_BUSI\malignant\malignant (77)_mask.png,184,e2382be6012d0d8a55d7a3410867b4f1
Dataset_BUSI\malignant\malignant (78).png,malignant (78).png,malignant,1,1,Dataset_BUSI\malignant\malignant (78)_mask.png,500,dc9550d0095e47804662cc651856e40a
Dataset_BUSI\malignant\malignant (79).png,malignant (79).png,malignant,1,1,Dataset_BUSI\malignant\malignant (79)_mask.png,501,f46a8a45db6488fd8ccfe4850c81da48
Dataset_BUSI\malignant\malignant (8).png,malignant (8).png,malignant,1,1,Dataset_BUSI\malignant\malignant (8)_mask.png,492,2c0b353d843e86e174d6556bc8084cf4
Dataset_BUSI\malignant\malignant (80).png,malignant (80).png,malignant,1,1,Dataset_BUSI\malignant\malignant (80)_mask.png,502,6eec4b97cdafab45e159496ea2c1ecc6
Dataset_BUSI\malignant\malignant (81).png,malignant (81).png,malignant,1,1,Dataset_BUSI\malignant\malignant (81)_mask.png,503,13762ee90cd2e4f3dc8fe788d5911d8f
Dataset_BUSI\malignant\malignant (82).png,malignant (82).png,malignant,1,1,Dataset_BUSI\malignant\malignant (82)_mask.png,504,379581c5476143569200edbb120ed7a7
Dataset_BUSI\malignant\malignant (83).png,malignant (83).png,malignant,1,1,Dataset_BUSI\malignant\malignant (83)_mask.png,505,3bea1c04260c5bd1732ec749daae9b22
Dataset_BUSI\malignant\malignant (84).png,malignant (84).png,malignant,1,1,Dataset_BUSI\malignant\malignant (84)_mask.png,506,87787063573f0ed3d5c6d723943897f1
Dataset_BUSI\malignant\malignant (85).png,malignant (85).png,malignant,1,1,Dataset_BUSI\malignant\malignant (85)_mask.png,507,a3ea6dea18631fdb2064784015c0d1fa
Dataset_BUSI\malignant\malignant (86).png,malignant (86).png,malignant,1,1,Dataset_BUSI\malignant\malignant (86)_mask.png,508,8cb10cb4b90e76eb58c89c213711a12d
Dataset_BUSI\malignant\malignant (87).png,malignant (87).png,malignant,1,1,Dataset_BUSI\malignant\malignant (87)_mask.png,509,450c0cc6fb0f7cee07a83a2beef95a44
Dataset_BUSI\malignant\malignant (88).png,malignant (88).png,malignant,1,1,Dataset_BUSI\malignant\malignant (88)_mask.png,398,9f13f8243d4160548b7c3d5f7d299181
Dataset_BUSI\malignant\malignant (89).png,malignant (89).png,malignant,1,1,Dataset_BUSI\malignant\malignant (89)_mask.png,510,76c9987d78bf2391e94086b120914a32
Dataset_BUSI\malignant\malignant (9).png,malignant (9).png,malignant,1,1,Dataset_BUSI\malignant\malignant (9)_mask.png,492,d5823052ab82178bf1e08954f922ee12
Dataset_BUSI\malignant\malignant (90).png,malignant (90).png,malignant,1,1,Dataset_BUSI\malignant\malignant (90)_mask.png,511,b26bf93d2932fcf0a738cd2fac9c5ef3
Dataset_BUSI\malignant\malignant (91).png,malignant (91).png,malignant,1,1,Dataset_BUSI\malignant\malignant (91)_mask.png,512,49f86d21fa80489f2bff7dd7146a34a8
Dataset_BUSI\malignant\malignant (92).png,malignant (92).png,malignant,1,1,Dataset_BUSI\malignant\malignant (92)_mask.png,457,3e7aebf27ce7c2197bb2f638d2d5e532
Dataset_BUSI\malignant\malignant (93).png,malignant (93).png,malignant,1,1,Dataset_BUSI\malignant\malignant (93)_mask.png,253,d35229949864d2f5f51cdaf39bf1a645
Dataset_BUSI\malignant\malignant (94).png,malignant (94).png,malignant,1,1,Dataset_BUSI\malignant\malignant (94)_mask.png,261,4cd738ef9d8338f27cce087657489243
Dataset_BUSI\malignant\malignant (95).png,malignant (95).png,malignant,1,1,Dataset_BUSI\malignant\malignant (95)_mask.png,513,581b10819c392fdcd8626a4b48a3cb15
Dataset_BUSI\malignant\malignant (96).png,malignant (96).png,malignant,1,1,Dataset_BUSI\malignant\malignant (96)_mask.png,514,e65364becd750325a478582d8eee0d38
Dataset_BUSI\malignant\malignant (97).png,malignant (97).png,malignant,1,1,Dataset_BUSI\malignant\malignant (97)_mask.png,514,5a7d085f2d7d1544c7c722cbc495f9c6
Dataset_BUSI\malignant\malignant (98).png,malignant (98).png,malignant,1,1,Dataset_BUSI\malignant\malignant (98)_mask.png,515,9e2cff17638d4949a0f787fa04aad443
Dataset_BUSI\malignant\malignant (99).png,malignant (99).png,malignant,1,1,Dataset_BUSI\malignant\malignant (99)_mask.png,516,d1923321c02ae72fd3f583d4df40fa4d
Dataset_BUSI\normal\normal (1).png,normal (1).png,normal,2,1,Dataset_BUSI\normal\normal (1)_mask.png,157,46a4baa63083aad66f23862823844986
Dataset_BUSI\normal\normal (10).png,normal (10).png,normal,2,1,Dataset_BUSI\normal\normal (10)_mask.png,517,88796d1bc3f9afb931f8ee792c61ba9a
Dataset_BUSI\normal\normal (100).png,normal (100).png,normal,2,1,Dataset_BUSI\normal\normal (100)_mask.png,518,78cc33f98c265c07aba43e074db980a7
Dataset_BUSI\normal\normal (101).png,normal (101).png,normal,2,1,Dataset_BUSI\normal\normal (101)_mask.png,519,0dd1a1ac8229abc67ae5b4c2f60cfa5a
Dataset_BUSI\normal\normal (102).png,normal (102).png,normal,2,1,Dataset_BUSI\normal\normal (102)_mask.png,520,e3310267d974a51b03930c25909fe371
Dataset_BUSI\normal\normal (103).png,normal (103).png,normal,2,1,Dataset_BUSI\normal\normal (103)_mask.png,521,cfcc13f905af474062cf7bd8733ee485
Dataset_BUSI\normal\normal (104).png,normal (104).png,normal,2,1,Dataset_BUSI\normal\normal (104)_mask.png,522,af0f2b7b15ffb2eba51d2e4f0b6d2054
Dataset_BUSI\normal\normal (105).png,normal (105).png,normal,2,1,Dataset_BUSI\normal\normal (105)_mask.png,523,34fe95b7634c2bfec35ca50636dc0c64
Dataset_BUSI\normal\normal (106).png,normal (106).png,normal,2,1,Dataset_BUSI\normal\normal (106)_mask.png,524,0a6f9c7a8a5c06c8dccd2f5057071fb7
Dataset_BUSI\normal\normal (107).png,normal (107).png,normal,2,1,Dataset_BUSI\normal\normal (107)_mask.png,522,89cf33c2d3abcd4c52eb34ed2f817ae4
Dataset_BUSI\normal\normal (108).png,normal (108).png,normal,2,1,Dataset_BUSI\normal\normal (108)_mask.png,525,1a1b8af44ee2a1f733d3911357195c9c
Dataset_BUSI\normal\normal (109).png,normal (109).png,normal,2,1,Dataset_BUSI\normal\normal (109)_mask.png,526,487c79c3f807eff736d4f518c4cad6a4
Dataset_BUSI\normal\normal (11).png,normal (11).png,normal,2,1,Dataset_BUSI\normal\normal (11)_mask.png,527,308fd4d0c1dbf07b0c1c41dda9dc8018
Dataset_BUSI\normal\normal (110).png,normal (110).png,normal,2,1,Dataset_BUSI\normal\normal (110)_mask.png,528,81f5abdc70a8010fe58ce680de616dd2
Dataset_BUSI\normal\normal (111).png,normal (111).png,normal,2,1,Dataset_BUSI\normal\normal (111)_mask.png,529,aed91e0ea69736955bb905b6c8bda950
Dataset_BUSI\normal\normal (112).png,normal (112).png,normal,2,1,Dataset_BUSI\normal\normal (112)_mask.png,530,4afb2fa192b323db5280a9c24bdf1aae
Dataset_BUSI\normal\normal (113).png,normal (113).png,normal,2,1,Dataset_BUSI\normal\normal (113)_mask.png,531,f460b6078aae4950106d5bca7d366c97
Dataset_BUSI\normal\normal (114).png,normal (114).png,normal,2,1,Dataset_BUSI\normal\normal (114)_mask.png,532,7a70da1f545ac8c35446d32e1d794aac
Dataset_BUSI\normal\normal (115).png,normal (115).png,normal,2,1,Dataset_BUSI\normal\normal (115)_mask.png,533,785a4fd03a7993051c92bcc1d3b09803
Dataset_BUSI\normal\normal (116).png,normal (116).png,normal,2,1,Dataset_BUSI\normal\normal (116)_mask.png,534,0de124d2135146eda4b6cd889c94ca6c
Dataset_BUSI\normal\normal (117).png,normal (117).png,normal,2,1,Dataset_BUSI\normal\normal (117)_mask.png,535,4c5cc904459f7bbccdbc41286df3561d
Dataset_BUSI\normal\normal (118).png,normal (118).png,normal,2,1,Dataset_BUSI\normal\normal (118)_mask.png,536,f864697bca29495e663b9c75e8cf58a8
Dataset_BUSI\normal\normal (119).png,normal (119).png,normal,2,1,Dataset_BUSI\normal\normal (119)_mask.png,537,38ec7a0adcd1b9fc35c174b1b5fced70
Dataset_BUSI\normal\normal (12).png,normal (12).png,normal,2,1,Dataset_BUSI\normal\normal (12)_mask.png,538,529f64f773a4954b11773c2b681928ee
Dataset_BUSI\normal\normal (120).png,normal (120).png,normal,2,1,Dataset_BUSI\normal\normal (120)_mask.png,539,158baf2663fb18e2902d87fd36439a79
Dataset_BUSI\normal\normal (121).png,normal (121).png,normal,2,1,Dataset_BUSI\normal\normal (121)_mask.png,540,3727e10edb57b9766f3cad2422051f3c
Dataset_BUSI\normal\normal (122).png,normal (122).png,normal,2,1,Dataset_BUSI\normal\normal (122)_mask.png,541,544764d4eaa8b947ca55804ff19231c2
Dataset_BUSI\normal\normal (123).png,normal (123).png,normal,2,1,Dataset_BUSI\normal\normal (123)_mask.png,542,394d413841f432cbec7a0b64a39dd0af
Dataset_BUSI\normal\normal (124).png,normal (124).png,normal,2,1,Dataset_BUSI\normal\normal (124)_mask.png,543,a77c7f31073bcfe449cf6a685052020c
Dataset_BUSI\normal\normal (125).png,normal (125).png,normal,2,1,Dataset_BUSI\normal\normal (125)_mask.png,544,4c036c6c4089499917925c3d4bbb2d54
Dataset_BUSI\normal\normal (126).png,normal (126).png,normal,2,1,Dataset_BUSI\normal\normal (126)_mask.png,545,f4fae0f0286895621d564871a5aafa88
Dataset_BUSI\normal\normal (127).png,normal (127).png,normal,2,1,Dataset_BUSI\normal\normal (127)_mask.png,546,b7e9c8caabf021e4eb78a33cf903a0fb
Dataset_BUSI\normal\normal (128).png,normal (128).png,normal,2,1,Dataset_BUSI\normal\normal (128)_mask.png,547,6e86a4a4447a0b5493f22adfb866406c
Dataset_BUSI\normal\normal (129).png,normal (129).png,normal,2,1,Dataset_BUSI\normal\normal (129)_mask.png,548,1f80258bd67019f417cb66d2b8a238e5
Dataset_BUSI\normal\normal (13).png,normal (13).png,normal,2,1,Dataset_BUSI\normal\normal (13)_mask.png,549,8227fe3297190cd1b4e6f49c3fd7e912
Dataset_BUSI\normal\normal (130).png,normal (130).png,normal,2,1,Dataset_BUSI\normal\normal (130)_mask.png,550,14d33c51ae871e32db108490ac30b17b
Dataset_BUSI\normal\normal (131).png,normal (131).png,normal,2,1,Dataset_BUSI\normal\normal (131)_mask.png,551,5438dcd7f3d6409376a53e87cc9bbe6f
Dataset_BUSI\normal\normal (132).png,normal (132).png,normal,2,1,Dataset_BUSI\normal\normal (132)_mask.png,552,ea5efd23f49c40ce71b89b6ff9c0e666
Dataset_BUSI\normal\normal (133).png,normal (133).png,normal,2,1,Dataset_BUSI\normal\normal (133)_mask.png,553,d470691a03300c846afc4d19eb179589
Dataset_BUSI\normal\normal (14).png,normal (14).png,normal,2,1,Dataset_BUSI\normal\normal (14)_mask.png,554,dade23a1be60b08222a35864b8079aa9
Dataset_BUSI\normal\normal (15).png,normal (15).png,normal,2,1,Dataset_BUSI\normal\normal (15)_mask.png,555,b553ec330f124b8b751895589a68b8e5
Dataset_BUSI\normal\normal (16).png,normal (16).png,normal,2,1,Dataset_BUSI\normal\normal (16)_mask.png,556,71343b90b051995ce72e2953ff575a01
Dataset_BUSI\normal\normal (17).png,normal (17).png,normal,2,1,Dataset_BUSI\normal\normal (17)_mask.png,557,4005babe508c544d817a4fdf7f636e3a
Dataset_BUSI\normal\normal (18).png,normal (18).png,normal,2,1,Dataset_BUSI\normal\normal (18)_mask.png,558,66ecc17b8855de07c5c74e33a8f0754f
Dataset_BUSI\normal\normal (19).png,normal (19).png,normal,2,1,Dataset_BUSI\normal\normal (19)_mask.png,551,4780ffead73053963389a0ff8db8e497
Dataset_BUSI\normal\normal (2).png,normal (2).png,normal,2,1,Dataset_BUSI\normal\normal (2)_mask.png,559,3a87f25507b639b74c94f91d3325b91a
Dataset_BUSI\normal\normal (20).png,normal (20).png,normal,2,1,Dataset_BUSI\normal\normal (20)_mask.png,552,76788ef5336ad35366d30c1233ec3956
Dataset_BUSI\normal\normal (21).png,normal (21).png,normal,2,1,Dataset_BUSI\normal\normal (21)_mask.png,560,3dc22aa7b435fef13022a377723b1d7e
Dataset_BUSI\normal\normal (22).png,normal (22).png,normal,2,1,Dataset_BUSI\normal\normal (22)_mask.png,544,5bc02ccd877d1d2ab1e686786e95d1ce
Dataset_BUSI\normal\normal (23).png,normal (23).png,normal,2,1,Dataset_BUSI\normal\normal (23)_mask.png,561,a4f6e88f8f043f4524d8e50cb8613adc
Dataset_BUSI\normal\normal (24).png,normal (24).png,normal,2,1,Dataset_BUSI\normal\normal (24)_mask.png,547,e15fcb8dabf8f5588dcf7c331d9a6e65
Dataset_BUSI\normal\normal (25).png,normal (25).png,normal,2,1,Dataset_BUSI\normal\normal (25)_mask.png,541,4cdcf1b6bb589ba731e4d4a2b21f331c
Dataset_BUSI\normal\normal (26).png,normal (26).png,normal,2,1,Dataset_BUSI\normal\normal (26)_mask.png,550,9c53efbbc93bad9c7065aad4d2c7105c
Dataset_BUSI\normal\normal (27).png,normal (27).png,normal,2,1,Dataset_BUSI\normal\normal (27)_mask.png,543,eb256f7c201f94f91a7099d6d54ff618
Dataset_BUSI\normal\normal (28).png,normal (28).png,normal,2,1,Dataset_BUSI\normal\normal (28)_mask.png,545,4e8051b9b16d372fda62f67398a72d28
Dataset_BUSI\normal\normal (29).png,normal (29).png,normal,2,1,Dataset_BUSI\normal\normal (29)_mask.png,542,e5d60f2aa504e4c322a0234464afa63d
Dataset_BUSI\normal\normal (3).png,normal (3).png,normal,2,1,Dataset_BUSI\normal\normal (3)_mask.png,562,337ee88d3a653a5d4347b73ae6d77b1a
Dataset_BUSI\normal\normal (30).png,normal (30).png,normal,2,1,Dataset_BUSI\normal\normal (30)_mask.png,537,41fdfc2cb51e215862926619decbb778
Dataset_BUSI\normal\normal (31).png,normal (31).png,normal,2,1,Dataset_BUSI\normal\normal (31)_mask.png,540,841484579f60ede047ca5d9ab1b01aeb
Dataset_BUSI\normal\normal (32).png,normal (32).png,normal,2,1,Dataset_BUSI\normal\normal (32)_mask.png,546,97d192c681e752c561b563dc0180e552
Dataset_BUSI\normal\normal (33).png,normal (33).png,normal,2,1,Dataset_BUSI\normal\normal (33)_mask.png,539,4fcc100d777db058049142c579f353f1
Dataset_BUSI\normal\normal (34).png,normal (34).png,normal,2,1,Dataset_BUSI\normal\normal (34)_mask.png,284,df1a4efc02975cc860bc9d6964b388f0
Dataset_BUSI\normal\normal (35).png,normal (35).png,normal,2,1,Dataset_BUSI\normal\normal (35)_mask.png,548,710933b532957e64e129f44108a963c8
Dataset_BUSI\normal\normal (36).png,normal (36).png,normal,2,1,Dataset_BUSI\normal\normal (36)_mask.png,563,49e68294b6a2f9c6869eef8b1f350f71
Dataset_BUSI\normal\normal (37).png,normal (37).png,normal,2,1,Dataset_BUSI\normal\normal (37)_mask.png,564,8efc7c122dbe961ba87a63e857d6890a
Dataset_BUSI\normal\normal (38).png,normal (38).png,normal,2,1,Dataset_BUSI\normal\normal (38)_mask.png,565,0ed95570610b3bd240c579c1889b68ff
Dataset_BUSI\normal\normal (39).png,normal (39).png,normal,2,1,Dataset_BUSI\normal\normal (39)_mask.png,566,ebf137365d21169532c78df163e832bb
Dataset_BUSI\normal\normal (4).png,normal (4).png,normal,2,1,Dataset_BUSI\normal\normal (4)_mask.png,567,afdefe63af8690dcc939dfc2fc80cafa
Dataset_BUSI\normal\normal (40).png,normal (40).png,normal,2,1,Dataset_BUSI\normal\normal (40)_mask.png,568,5c6714ab54dd6e7fe18d35471a5e0325
Dataset_BUSI\normal\normal (41).png,normal (41).png,normal,2,1,Dataset_BUSI\normal\normal (41)_mask.png,569,e5d5c5f08470a62a28c2c3918d69d95c
Dataset_BUSI\normal\normal (42).png,normal (42).png,normal,2,1,Dataset_BUSI\normal\normal (42)_mask.png,570,2f541256b6f595ae4a276853f8d3d103
Dataset_BUSI\normal\normal (43).png,normal (43).png,normal,2,1,Dataset_BUSI\normal\normal (43)_mask.png,565,def06ec6fc6aa8013acd87aec4464109
Dataset_BUSI\normal\normal (44).png,normal (44).png,normal,2,1,Dataset_BUSI\normal\normal (44)_mask.png,569,8b9f77e57a8b501dd48af31a7c2c6046
Dataset_BUSI\normal\normal (45).png,normal (45).png,normal,2,1,Dataset_BUSI\normal\normal (45)_mask.png,570,5d07b820d656ea27dd15ecf05044b30c
Dataset_BUSI\normal\normal (46).png,normal (46).png,normal,2,1,Dataset_BUSI\normal\normal (46)_mask.png,568,f46d6d04ea4874406296cf21e08d96d8
Dataset_BUSI\normal\normal (47).png,normal (47).png,normal,2,1,Dataset_BUSI\normal\normal (47)_mask.png,569,06ac98a33e26ac09bc6bd0c0989068b2
Dataset_BUSI\normal\normal (48).png,normal (48).png,normal,2,1,Dataset_BUSI\normal\normal (48)_mask.png,566,5d41ea3cac547043acf3e3c559a73ebe
Dataset_BUSI\normal\normal (49).png,normal (49).png,normal,2,1,Dataset_BUSI\normal\normal (49)_mask.png,570,03256afcf0c203fd9af1e6f5ef10ecce
Dataset_BUSI\normal\normal (5).png,normal (5).png,normal,2,1,Dataset_BUSI\normal\normal (5)_mask.png,549,2cb04023c9c76b7bbebf01827480191d
Dataset_BUSI\normal\normal (50).png,normal (50).png,normal,2,1,Dataset_BUSI\normal\normal (50)_mask.png,565,f49c5afc4093b7dd3c3068fcaa0f8fc2
Dataset_BUSI\normal\normal (51).png,normal (51).png,normal,2,1,Dataset_BUSI\normal\normal (51)_mask.png,571,8c4126026695787ad4fa5f66687a477b
Dataset_BUSI\normal\normal (52).png,normal (52).png,normal,2,1,Dataset_BUSI\normal\normal (52)_mask.png,571,e4be878bd52f3601ab5ab031bbaca378
Dataset_BUSI\normal\normal (53).png,normal (53).png,normal,2,1,Dataset_BUSI\normal\normal (53)_mask.png,565,f9b6dc138a6448353b0f80c4867708af
Dataset_BUSI\normal\normal (54).png,normal (54).png,normal,2,1,Dataset_BUSI\normal\normal (54)_mask.png,571,01f043d849f7c3fe21bb23c85a0cd95e
Dataset_BUSI\normal\normal (55).png,normal (55).png,normal,2,1,Dataset_BUSI\normal\normal (55)_mask.png,572,6a1ef30085cd8ed551c736149ac5950b
Dataset_BUSI\normal\normal (56).png,normal (56).png,normal,2,1,Dataset_BUSI\normal\normal (56)_mask.png,566,405a5d1fb39ca81dab6ad97da8182cd3
Dataset_BUSI\normal\normal (57).png,normal (57).png,normal,2,1,Dataset_BUSI\normal\normal (57)_mask.png,572,a10a4c424bf3dbe80e9007da767ddb43
Dataset_BUSI\normal\normal (58).png,normal (58).png,normal,2,1,Dataset_BUSI\normal\normal (58)_mask.png,573,db2e917c72622ff3801e201ecef60ef2
Dataset_BUSI\normal\normal (59).png,normal (59).png,normal,2,1,Dataset_BUSI\normal\normal (59)_mask.png,568,acdbae7e05a873458bed976bf5a3fc5c
Dataset_BUSI\normal\normal (6).png,normal (6).png,normal,2,1,Dataset_BUSI\normal\normal (6)_mask.png,574,85eb02b75ce729c433502bb7227c0dac
Dataset_BUSI\normal\normal (60).png,normal (60).png,normal,2,1,Dataset_BUSI\normal\normal (60)_mask.png,573,9d5dc69101d4775e849fd787d4a538fc
Dataset_BUSI\normal\normal (61).png,normal (61).png,normal,2,1,Dataset_BUSI\normal\normal (61)_mask.png,569,b487bb91466c7f116bb5f1b999271a8d
Dataset_BUSI\normal\normal (62).png,normal (62).png,normal,2,1,Dataset_BUSI\normal\normal (62)_mask.png,570,a2e0fc2a23337df01def2dc496556ad7
Dataset_BUSI\normal\normal (63).png,normal (63).png,normal,2,1,Dataset_BUSI\normal\normal (63)_mask.png,560,446c2659b368a28405705e347ff30916
Dataset_BUSI\normal\normal (64).png,normal (64).png,normal,2,1,Dataset_BUSI\normal\normal (64)_mask.png,560,4b3b7f63f80119621ef325d283936e96
Dataset_BUSI\normal\normal (65).png,normal (65).png,normal,2,1,Dataset_BUSI\normal\normal (65)_mask.png,575,9b4ab648ad8afb36f99186dcd9d68ca1
Dataset_BUSI\normal\normal (66).png,normal (66).png,normal,2,1,Dataset_BUSI\normal\normal (66)_mask.png,576,67e591185756f94b1f66c47492d7b6ef
Dataset_BUSI\normal\normal (67).png,normal (67).png,normal,2,1,Dataset_BUSI\normal\normal (67)_mask.png,572,3721b2fdf96239645c651a021eae897f
Dataset_BUSI\normal\normal (68).png,normal (68).png,normal,2,1,Dataset_BUSI\normal\normal (68)_mask.png,572,e3cd5929d951def3fdb71158fdd752c7
Dataset_BUSI\normal\normal (69).png,normal (69).png,normal,2,1,Dataset_BUSI\normal\normal (69)_mask.png,573,2c787c899becd246868b5daf8827bf97
Dataset_BUSI\normal\normal (7).png,normal (7).png,normal,2,1,Dataset_BUSI\normal\normal (7)_mask.png,577,ab5dccafa81fb0c920d9750fef4f1533
Dataset_BUSI\normal\normal (70).png,normal (70).png,normal,2,1,Dataset_BUSI\normal\normal (70)_mask.png,578,8bf8561ab5c79eb7383fc26b61b9c6a5
Dataset_BUSI\normal\normal (71).png,normal (71).png,normal,2,1,Dataset_BUSI\normal\normal (71)_mask.png,579,9c72ac8f35848423b584d0b232cbff41
Dataset_BUSI\normal\normal (72).png,normal (72).png,normal,2,1,Dataset_BUSI\normal\normal (72)_mask.png,580,51d7a46c7cf8065189b5f42aa69b5959
Dataset_BUSI\normal\normal (73).png,normal (73).png,normal,2,1,Dataset_BUSI\normal\normal (73)_mask.png,581,22995258e166be53027c4268489ace72
Dataset_BUSI\normal\normal (74).png,normal (74).png,normal,2,1,Dataset_BUSI\normal\normal (74)_mask.png,582,ce6df3e49d744597bd461612ccf5ce3c
Dataset_BUSI\normal\normal (75).png,normal (75).png,normal,2,1,Dataset_BUSI\normal\normal (75)_mask.png,583,771eec4d4f051de48b3bc98602e60942
Dataset_BUSI\normal\normal (76).png,normal (76).png,normal,2,1,Dataset_BUSI\normal\normal (76)_mask.png,584,9090583c17d8e7046c71fd702a277da2
Dataset_BUSI\normal\normal (77).png,normal (77).png,normal,2,1,Dataset_BUSI\normal\normal (77)_mask.png,585,241aeb0791cf8b7a6f891a416150f8b9
Dataset_BUSI\normal\normal (78).png,normal (78).png,normal,2,1,Dataset_BUSI\normal\normal (78)_mask.png,586,93c39e03786ebbe165a8388c7138c49d
Dataset_BUSI\normal\normal (79).png,normal (79).png,normal,2,1,Dataset_BUSI\normal\normal (79)_mask.png,587,ccd3aa20d091838c13042300d53c08ec
Dataset_BUSI\normal\normal (8).png,normal (8).png,normal,2,1,Dataset_BUSI\normal\normal (8)_mask.png,588,955294e52b7fd2d501b29eaa6dacf5f4
Dataset_BUSI\normal\normal (80).png,normal (80).png,normal,2,1,Dataset_BUSI\normal\normal (80)_mask.png,589,3b4ee9c93217188562deadedb08cc372
Dataset_BUSI\normal\normal (81).png,normal (81).png,normal,2,1,Dataset_BUSI\normal\normal (81)_mask.png,561,2361bd02171a5c6d9ba8fd23bb741ad5
Dataset_BUSI\normal\normal (82).png,normal (82).png,normal,2,1,Dataset_BUSI\normal\normal (82)_mask.png,590,9b3cddab73cc4e17388a16cf4fcd40fe
Dataset_BUSI\normal\normal (83).png,normal (83).png,normal,2,1,Dataset_BUSI\normal\normal (83)_mask.png,591,addd7157e764d7f0832ee8976bf06fef
Dataset_BUSI\normal\normal (84).png,normal (84).png,normal,2,1,Dataset_BUSI\normal\normal (84)_mask.png,592,17c70e99d91cd705973fe185ff0d2041
Dataset_BUSI\normal\normal (85).png,normal (85).png,normal,2,1,Dataset_BUSI\normal\normal (85)_mask.png,593,d7832bc8755218f2543df50a5877a787
Dataset_BUSI\normal\normal (86).png,normal (86).png,normal,2,1,Dataset_BUSI\normal\normal (86)_mask.png,594,3450056d354ea1b4534595bf4aae0dd3
Dataset_BUSI\normal\normal (87).png,normal (87).png,normal,2,1,Dataset_BUSI\normal\normal (87)_mask.png,595,ce9fefdec1be38c30f4fd42adda1d11f
Dataset_BUSI\normal\normal (88).png,normal (88).png,normal,2,1,Dataset_BUSI\normal\normal (88)_mask.png,596,06fbda3af9febfd72c7d93290f4704ed
Dataset_BUSI\normal\normal (89).png,normal (89).png,normal,2,1,Dataset_BUSI\normal\normal (89)_mask.png,597,d2f51bb3e31492c9587935faa829d783
Dataset_BUSI\normal\normal (9).png,normal (9).png,normal,2,1,Dataset_BUSI\normal\normal (9)_mask.png,598,847f924c1c9d975a2c1989cf3c278e27
Dataset_BUSI\normal\normal (90).png,normal (90).png,normal,2,1,Dataset_BUSI\normal\normal (90)_mask.png,599,cc96b1b796ed7e24404a3dbe2be4c898
Dataset_BUSI\normal\normal (91).png,normal (91).png,normal,2,1,Dataset_BUSI\normal\normal (91)_mask.png,600,a48950c92472d262868749f2f035dd44
Dataset_BUSI\normal\normal (92).png,normal (92).png,normal,2,1,Dataset_BUSI\normal\normal (92)_mask.png,601,d1cc89b84ad3546748fdfde339591fbc
Dataset_BUSI\normal\normal (93).png,normal (93).png,normal,2,1,Dataset_BUSI\normal\normal (93)_mask.png,602,4cf51cb015d6745b892c762b2718670d
Dataset_BUSI\normal\normal (94).png,normal (94).png,normal,2,1,Dataset_BUSI\normal\normal (94)_mask.png,603,773f0dbb7b0852046044493b04428676
Dataset_BUSI\normal\normal (95).png,normal (95).png,normal,2,1,Dataset_BUSI\normal\normal (95)_mask.png,604,a8996eb9e9eb0a6dec9b87206c85096f
Dataset_BUSI\normal\normal (96).png,normal (96).png,normal,2,1,Dataset_BUSI\normal\normal (96)_mask.png,605,e91bad680640a9156e6dc66c718ddd29
Dataset_BUSI\normal\normal (97).png,normal (97).png,normal,2,1,Dataset_BUSI\normal\normal (97)_mask.png,606,3b85aad515f0e0ae853b0195196c9757
Dataset_BUSI\normal\normal (98).png,normal (98).png,normal,2,1,Dataset_BUSI\normal\normal (98)_mask.png,606,be4977c72fe5027c31109b2c1dea7b14
Dataset_BUSI\normal\normal (99).png,normal (99).png,normal,2,1,Dataset_BUSI\normal\normal (99)_mask.png,607,ac81ce034ad4823e2cac1420325a518b
